_id,name,slug,state,status,createdAt,updatedAt
653e95037a4cd00544ea7786,Nicobar,nicobar,Andaman and Nicobar Islands,Inactive,2023-08-14T17:54:22.951Z,2023-08-14T17:54:22.951Z
653e95037a4cd00544ea7787,North Middle Andaman,north-middle-andaman,Andaman and Nicobar Islands,Inactive,2023-08-14T17:54:22.951Z,2023-08-14T17:54:22.951Z
653e95037a4cd00544ea7788,South Andaman,south-andaman,Andaman and Nicobar Islands,Inactive,2023-08-14T17:54:22.951Z,2023-08-14T17:54:22.951Z
653e95037a4cd00544ea7789,Anantapur,anantapur,Andhra Pradesh,Inactive,2023-08-14T17:54:22.951Z,2023-08-14T17:54:22.951Z
653e95037a4cd00544ea778a,Chittoor,chittoor,Andhra Pradesh,Inactive,2023-08-14T17:54:22.951Z,2023-08-14T17:54:22.951Z
653e95037a4cd00544ea778b,East Godavari,east-godavari,Andhra Pradesh,Inactive,2023-08-14T17:54:22.951Z,2023-08-14T17:54:22.951Z
653e95037a4cd00544ea778c,Guntur,guntur,Andhra Pradesh,Inactive,2023-08-14T17:54:22.951Z,2023-08-14T17:54:22.951Z
653e95037a4cd00544ea778d,Kadapa,kadapa,Andhra Pradesh,Inactive,2023-08-14T17:54:22.951Z,2023-08-14T17:54:22.951Z
653e95037a4cd00544ea778e,Krishna,krishna,Andhra Pradesh,Inactive,2023-08-14T17:54:22.951Z,2023-08-14T17:54:22.951Z
653e95037a4cd00544ea778f,Kurnool,kurnool,Andhra Pradesh,Inactive,2023-08-14T17:54:22.951Z,2023-08-14T17:54:22.951Z
653e95037a4cd00544ea7790,Nellore,nellore,Andhra Pradesh,Inactive,2023-08-14T17:54:22.951Z,2023-08-14T17:54:22.951Z
653e95037a4cd00544ea7791,Prakasam,prakasam,Andhra Pradesh,Inactive,2023-08-14T17:54:22.951Z,2023-08-14T17:54:22.951Z
653e95037a4cd00544ea7792,Srikakulam,srikakulam,Andhra Pradesh,Inactive,2023-08-14T17:54:22.951Z,2023-08-14T17:54:22.951Z
653e95037a4cd00544ea7793,Visakhapatnam,visakhapatnam,Andhra Pradesh,Inactive,2023-08-14T17:54:22.951Z,2023-08-14T17:54:22.951Z
653e95037a4cd00544ea7794,Vizianagaram,vizianagaram,Andhra Pradesh,Inactive,2023-08-14T17:54:22.951Z,2023-08-14T17:54:22.951Z
653e95037a4cd00544ea7795,West Godavari,west-godavari,Andhra Pradesh,Inactive,2023-08-14T17:54:22.951Z,2023-08-14T17:54:22.951Z
653e95037a4cd00544ea7796,Anjaw,anjaw,Arunachal Pradesh,Inactive,2023-08-14T17:54:22.951Z,2023-08-14T17:54:22.951Z
653e95037a4cd00544ea7797,Central Siang,central-siang,Arunachal Pradesh,Inactive,2023-08-14T17:54:22.951Z,2023-08-14T17:54:22.951Z
653e95037a4cd00544ea7798,Changlang,changlang,Arunachal Pradesh,Inactive,2023-08-14T17:54:22.951Z,2023-08-14T17:54:22.951Z
653e95037a4cd00544ea7799,Dibang Valley,dibang-valley,Arunachal Pradesh,Inactive,2023-08-14T17:54:22.951Z,2023-08-14T17:54:22.951Z
653e95037a4cd00544ea779a,East Kameng,east-kameng,Arunachal Pradesh,Inactive,2023-08-14T17:54:22.951Z,2023-08-14T17:54:22.951Z
653e95037a4cd00544ea779b,East Siang,east-siang,Arunachal Pradesh,Inactive,2023-08-14T17:54:22.951Z,2023-08-14T17:54:22.951Z
653e95037a4cd00544ea779c,Kamle,kamle,Arunachal Pradesh,Inactive,2023-08-14T17:54:22.951Z,2023-08-14T17:54:22.951Z
653e95037a4cd00544ea779d,Kra Daadi,kra-daadi,Arunachal Pradesh,Inactive,2023-08-14T17:54:22.951Z,2023-08-14T17:54:22.951Z
653e95037a4cd00544ea779e,Kurung Kumey,kurung-kumey,Arunachal Pradesh,Inactive,2023-08-14T17:54:22.951Z,2023-08-14T17:54:22.951Z
653e95037a4cd00544ea779f,Lepa Rada,lepa-rada,Arunachal Pradesh,Inactive,2023-08-14T17:54:22.951Z,2023-08-14T17:54:22.951Z
653e95037a4cd00544ea77a0,Lohit,lohit,Arunachal Pradesh,Inactive,2023-08-14T17:54:22.951Z,2023-08-14T17:54:22.951Z
653e95037a4cd00544ea77a1,Longding,longding,Arunachal Pradesh,Inactive,2023-08-14T17:54:22.951Z,2023-08-14T17:54:22.951Z
653e95037a4cd00544ea77a2,Lower Dibang Valley,lower-dibang-valley,Arunachal Pradesh,Inactive,2023-08-14T17:54:22.951Z,2023-08-14T17:54:22.951Z
653e95037a4cd00544ea77a3,Lower Siang,lower-siang,Arunachal Pradesh,Inactive,2023-08-14T17:54:22.951Z,2023-08-14T17:54:22.951Z
653e95037a4cd00544ea77a4,Lower Subansiri,lower-subansiri,Arunachal Pradesh,Inactive,2023-08-14T17:54:22.951Z,2023-08-14T17:54:22.951Z
653e95037a4cd00544ea77a5,Namsai,namsai,Arunachal Pradesh,Inactive,2023-08-14T17:54:22.951Z,2023-08-14T17:54:22.951Z
653e95037a4cd00544ea77a6,Pakke Kessang,pakke-kessang,Arunachal Pradesh,Inactive,2023-08-14T17:54:22.951Z,2023-08-14T17:54:22.951Z
653e95037a4cd00544ea77a7,Papum Pare,papum-pare,Arunachal Pradesh,Inactive,2023-08-14T17:54:22.951Z,2023-08-14T17:54:22.951Z
653e95037a4cd00544ea77a8,Shi Yomi,shi-yomi,Arunachal Pradesh,Inactive,2023-08-14T17:54:22.951Z,2023-08-14T17:54:22.951Z
653e95037a4cd00544ea77a9,Tawang,tawang,Arunachal Pradesh,Inactive,2023-08-14T17:54:22.951Z,2023-08-14T17:54:22.951Z
653e95037a4cd00544ea77aa,Tirap,tirap,Arunachal Pradesh,Inactive,2023-08-14T17:54:22.951Z,2023-08-14T17:54:22.951Z
653e95037a4cd00544ea77ab,Upper Siang,upper-siang,Arunachal Pradesh,Inactive,2023-08-14T17:54:22.951Z,2023-08-14T17:54:22.951Z
653e95037a4cd00544ea77ac,Upper Subansiri,upper-subansiri,Arunachal Pradesh,Inactive,2023-08-14T17:54:22.951Z,2023-08-14T17:54:22.951Z
653e95037a4cd00544ea77ad,West Kameng,west-kameng,Arunachal Pradesh,Inactive,2023-08-14T17:54:22.951Z,2023-08-14T17:54:22.951Z
653e95037a4cd00544ea77ae,West Siang,west-siang,Arunachal Pradesh,Inactive,2023-08-14T17:54:22.951Z,2023-08-14T17:54:22.951Z
653e95037a4cd00544ea77af,Bajali,bajali,Assam,Inactive,2023-08-14T17:54:22.951Z,2023-08-14T17:54:22.951Z
653e95037a4cd00544ea77b0,Baksa,baksa,Assam,Inactive,2023-08-14T17:54:22.951Z,2023-08-14T17:54:22.951Z
653e95037a4cd00544ea77b1,Barpeta,barpeta,Assam,Inactive,2023-08-14T17:54:22.951Z,2023-08-14T17:54:22.951Z
653e95037a4cd00544ea77b2,Biswanath,biswanath,Assam,Inactive,2023-08-14T17:54:22.951Z,2023-08-14T17:54:22.951Z
653e95037a4cd00544ea77b3,Bongaigaon,bongaigaon,Assam,Inactive,2023-08-14T17:54:22.951Z,2023-08-14T17:54:22.951Z
653e95037a4cd00544ea77b4,Cachar,cachar,Assam,Inactive,2023-08-14T17:54:22.951Z,2023-08-14T17:54:22.951Z
653e95037a4cd00544ea77b5,Charaideo,charaideo,Assam,Inactive,2023-08-14T17:54:22.951Z,2023-08-14T17:54:22.951Z
653e95037a4cd00544ea77b6,Chirang,chirang,Assam,Inactive,2023-08-14T17:54:22.951Z,2023-08-14T17:54:22.951Z
653e95037a4cd00544ea77b7,Darrang,darrang,Assam,Inactive,2023-08-14T17:54:22.951Z,2023-08-14T17:54:22.951Z
653e95037a4cd00544ea77b8,Dhemaji,dhemaji,Assam,Inactive,2023-08-14T17:54:22.951Z,2023-08-14T17:54:22.951Z
653e95037a4cd00544ea77b9,Dhubri,dhubri,Assam,Inactive,2023-08-14T17:54:22.951Z,2023-08-14T17:54:22.951Z
653e95037a4cd00544ea77ba,Dibrugarh,dibrugarh,Assam,Inactive,2023-08-14T17:54:22.951Z,2023-08-14T17:54:22.951Z
653e95037a4cd00544ea77bb,Dima Hasao,dima-hasao,Assam,Inactive,2023-08-14T17:54:22.951Z,2023-08-14T17:54:22.951Z
653e95037a4cd00544ea77bc,Goalpara,goalpara,Assam,Inactive,2023-08-14T17:54:22.951Z,2023-08-14T17:54:22.951Z
653e95037a4cd00544ea77bd,Golaghat,golaghat,Assam,Inactive,2023-08-14T17:54:22.951Z,2023-08-14T17:54:22.951Z
653e95037a4cd00544ea77be,Hailakandi,hailakandi,Assam,Inactive,2023-08-14T17:54:22.951Z,2023-08-14T17:54:22.951Z
653e95037a4cd00544ea77bf,Hojai,hojai,Assam,Inactive,2023-08-14T17:54:22.951Z,2023-08-14T17:54:22.951Z
653e95037a4cd00544ea77c0,Jorhat,jorhat,Assam,Inactive,2023-08-14T17:54:22.951Z,2023-08-14T17:54:22.951Z
653e95037a4cd00544ea77c1,Kamrup,kamrup,Assam,Inactive,2023-08-14T17:54:22.951Z,2023-08-14T17:54:22.951Z
653e95037a4cd00544ea77c2,Kamrup Metropolitan,kamrup-metropolitan,Assam,Inactive,2023-08-14T17:54:22.951Z,2023-08-14T17:54:22.951Z
653e95037a4cd00544ea77c3,Karbi Anglong,karbi-anglong,Assam,Inactive,2023-08-14T17:54:22.951Z,2023-08-14T17:54:22.951Z
653e95037a4cd00544ea77c4,Karimganj,karimganj,Assam,Inactive,2023-08-14T17:54:22.951Z,2023-08-14T17:54:22.951Z
653e95037a4cd00544ea77c5,Kokrajhar,kokrajhar,Assam,Inactive,2023-08-14T17:54:22.951Z,2023-08-14T17:54:22.951Z
653e95037a4cd00544ea77c6,Lakhimpur,lakhimpur,Assam,Inactive,2023-08-14T17:54:22.951Z,2023-08-14T17:54:22.951Z
653e95037a4cd00544ea77c7,Majuli,majuli,Assam,Inactive,2023-08-14T17:54:22.951Z,2023-08-14T17:54:22.951Z
653e95037a4cd00544ea77c8,Morigaon,morigaon,Assam,Inactive,2023-08-14T17:54:22.951Z,2023-08-14T17:54:22.951Z
653e95037a4cd00544ea77c9,Nagaon,nagaon,Assam,Inactive,2023-08-14T17:54:22.951Z,2023-08-14T17:54:22.951Z
653e95037a4cd00544ea77ca,Nalbari,nalbari,Assam,Inactive,2023-08-14T17:54:22.951Z,2023-08-14T17:54:22.951Z
653e95037a4cd00544ea77cb,Sivasagar,sivasagar,Assam,Inactive,2023-08-14T17:54:22.951Z,2023-08-14T17:54:22.951Z
653e95037a4cd00544ea77cc,Sonitpur,sonitpur,Assam,Inactive,2023-08-14T17:54:22.951Z,2023-08-14T17:54:22.951Z
653e95037a4cd00544ea77cd,South Salmara-Mankachar,south-salmara-mankachar,Assam,Inactive,2023-08-14T17:54:22.951Z,2023-08-14T17:54:22.951Z
653e95037a4cd00544ea77ce,Tinsukia,tinsukia,Assam,Inactive,2023-08-14T17:54:22.951Z,2023-08-14T17:54:22.951Z
653e95037a4cd00544ea77cf,Udalguri,udalguri,Assam,Inactive,2023-08-14T17:54:22.951Z,2023-08-14T17:54:22.951Z
653e95037a4cd00544ea77d0,West Karbi Anglong,west-karbi-anglong,Assam,Inactive,2023-08-14T17:54:22.951Z,2023-08-14T17:54:22.951Z
653e95037a4cd00544ea77d1,Araria,araria,Bihar,Inactive,2023-08-14T17:54:22.951Z,2023-08-14T17:54:22.951Z
653e95037a4cd00544ea77d2,Arwal,arwal,Bihar,Inactive,2023-08-14T17:54:22.951Z,2023-08-14T17:54:22.951Z
653e95037a4cd00544ea77d3,Aurangabad,aurangabad,Bihar,Inactive,2023-08-14T17:54:22.951Z,2023-08-14T17:54:22.951Z
653e95037a4cd00544ea77d4,Banka,banka,Bihar,Inactive,2023-08-14T17:54:22.951Z,2023-08-14T17:54:22.951Z
653e95037a4cd00544ea77d5,Begusarai,begusarai,Bihar,Inactive,2023-08-14T17:54:22.951Z,2023-08-14T17:54:22.951Z
653e95037a4cd00544ea77d6,Bhagalpur,bhagalpur,Bihar,Inactive,2023-08-14T17:54:22.951Z,2023-08-14T17:54:22.951Z
653e95037a4cd00544ea77d7,Bhojpur,bhojpur,Bihar,Inactive,2023-08-14T17:54:22.951Z,2023-08-14T17:54:22.951Z
653e95037a4cd00544ea77d8,Buxar,buxar,Bihar,Inactive,2023-08-14T17:54:22.951Z,2023-08-14T17:54:22.951Z
653e95037a4cd00544ea77d9,Darbhanga,darbhanga,Bihar,Inactive,2023-08-14T17:54:22.951Z,2023-08-14T17:54:22.951Z
653e95037a4cd00544ea77da,East Champaran,east-champaran,Bihar,Inactive,2023-08-14T17:54:22.951Z,2023-08-14T17:54:22.951Z
653e95037a4cd00544ea77db,Gaya,gaya,Bihar,Inactive,2023-08-14T17:54:22.951Z,2023-08-14T17:54:22.951Z
653e95037a4cd00544ea77dc,Gopalganj,gopalganj,Bihar,Inactive,2023-08-14T17:54:22.951Z,2023-08-14T17:54:22.951Z
653e95037a4cd00544ea77dd,Jamui,jamui,Bihar,Inactive,2023-08-14T17:54:22.951Z,2023-08-14T17:54:22.951Z
653e95037a4cd00544ea77de,Jehanabad,jehanabad,Bihar,Inactive,2023-08-14T17:54:22.951Z,2023-08-14T17:54:22.951Z
653e95037a4cd00544ea77df,Kaimur,kaimur,Bihar,Inactive,2023-08-14T17:54:22.951Z,2023-08-14T17:54:22.951Z
653e95037a4cd00544ea77e0,Katihar,katihar,Bihar,Inactive,2023-08-14T17:54:22.951Z,2023-08-14T17:54:22.951Z
653e95037a4cd00544ea77e1,Khagaria,khagaria,Bihar,Inactive,2023-08-14T17:54:22.951Z,2023-08-14T17:54:22.951Z
653e95037a4cd00544ea77e2,Kishanganj,kishanganj,Bihar,Inactive,2023-08-14T17:54:22.951Z,2023-08-14T17:54:22.951Z
653e95037a4cd00544ea77e3,Lakhisarai,lakhisarai,Bihar,Inactive,2023-08-14T17:54:22.951Z,2023-08-14T17:54:22.951Z
653e95037a4cd00544ea77e4,Madhepura,madhepura,Bihar,Inactive,2023-08-14T17:54:22.951Z,2023-08-14T17:54:22.951Z
653e95037a4cd00544ea77e5,Madhubani,madhubani,Bihar,Inactive,2023-08-14T17:54:22.951Z,2023-08-14T17:54:22.951Z
653e95037a4cd00544ea77e6,Munger,munger,Bihar,Inactive,2023-08-14T17:54:22.951Z,2023-08-14T17:54:22.951Z
653e95037a4cd00544ea77e7,Muzaffarpur,muzaffarpur,Bihar,Inactive,2023-08-14T17:54:22.951Z,2023-08-14T17:54:22.951Z
653e95037a4cd00544ea77e8,Nalanda,nalanda,Bihar,Inactive,2023-08-14T17:54:22.951Z,2023-08-14T17:54:22.951Z
653e95037a4cd00544ea77e9,Nawada,nawada,Bihar,Inactive,2023-08-14T17:54:22.951Z,2023-08-14T17:54:22.951Z
653e95037a4cd00544ea77ea,Patna,patna,Bihar,Inactive,2023-08-14T17:54:22.951Z,2023-08-14T17:54:22.951Z
653e95037a4cd00544ea77eb,Purnia,purnia,Bihar,Inactive,2023-08-14T17:54:22.951Z,2023-08-14T17:54:22.951Z
653e95037a4cd00544ea77ec,Rohtas,rohtas,Bihar,Inactive,2023-08-14T17:54:22.951Z,2023-08-14T17:54:22.951Z
653e95037a4cd00544ea77ed,Saharsa,saharsa,Bihar,Inactive,2023-08-14T17:54:22.951Z,2023-08-14T17:54:22.951Z
653e95037a4cd00544ea77ee,Samastipur,samastipur,Bihar,Inactive,2023-08-14T17:54:22.951Z,2023-08-14T17:54:22.951Z
653e95037a4cd00544ea77ef,Saran,saran,Bihar,Inactive,2023-08-14T17:54:22.951Z,2023-08-14T17:54:22.951Z
653e95037a4cd00544ea77f0,Sheikhpura,sheikhpura,Bihar,Inactive,2023-08-14T17:54:22.951Z,2023-08-14T17:54:22.951Z
653e95037a4cd00544ea77f1,Sheohar,sheohar,Bihar,Inactive,2023-08-14T17:54:22.951Z,2023-08-14T17:54:22.951Z
653e95037a4cd00544ea77f2,Sitamarhi,sitamarhi,Bihar,Inactive,2023-08-14T17:54:22.951Z,2023-08-14T17:54:22.951Z
653e95037a4cd00544ea77f3,Siwan,siwan,Bihar,Inactive,2023-08-14T17:54:22.951Z,2023-08-14T17:54:22.951Z
653e95037a4cd00544ea77f4,Supaul,supaul,Bihar,Inactive,2023-08-14T17:54:22.951Z,2023-08-14T17:54:22.951Z
653e95037a4cd00544ea77f5,Vaishali,vaishali,Bihar,Inactive,2023-08-14T17:54:22.951Z,2023-08-14T17:54:22.951Z
653e95037a4cd00544ea77f6,West Champaran,west-champaran,Bihar,Inactive,2023-08-14T17:54:22.951Z,2023-08-14T17:54:22.951Z
653e95037a4cd00544ea77f7,Chandigarh,chandigarh,Chandigarh,Inactive,2023-08-14T17:54:22.951Z,2023-08-14T17:54:22.951Z
653e95037a4cd00544ea77f8,Balod,balod,Chhattisgarh,Inactive,2023-08-14T17:54:22.951Z,2023-08-14T17:54:22.951Z
653e95037a4cd00544ea77f9,Baloda Bazar,baloda-bazar,Chhattisgarh,Inactive,2023-08-14T17:54:22.951Z,2023-08-14T17:54:22.951Z
653e95037a4cd00544ea77fa,Balrampur,balrampur,Chhattisgarh,Inactive,2023-08-14T17:54:22.951Z,2023-08-14T17:54:22.951Z
653e95037a4cd00544ea77fb,Bastar,bastar,Chhattisgarh,Inactive,2023-08-14T17:54:22.951Z,2023-08-14T17:54:22.951Z
653e95037a4cd00544ea77fc,Bemetara,bemetara,Chhattisgarh,Inactive,2023-08-14T17:54:22.951Z,2023-08-14T17:54:22.951Z
653e95037a4cd00544ea77fd,Bijapur,bijapur,Chhattisgarh,Inactive,2023-08-14T17:54:22.951Z,2023-08-14T17:54:22.951Z
653e95037a4cd00544ea77fe,Bilaspur,bilaspur,Chhattisgarh,Inactive,2023-08-14T17:54:22.951Z,2023-08-14T17:54:22.951Z
653e95037a4cd00544ea77ff,Dantewada,dantewada,Chhattisgarh,Inactive,2023-08-14T17:54:22.951Z,2023-08-14T17:54:22.951Z
653e95037a4cd00544ea7800,Dhamtari,dhamtari,Chhattisgarh,Inactive,2023-08-14T17:54:22.951Z,2023-08-14T17:54:22.951Z
653e95037a4cd00544ea7801,Durg,durg,Chhattisgarh,Inactive,2023-08-14T17:54:22.951Z,2023-08-14T17:54:22.951Z
653e95037a4cd00544ea7802,Gariaband,gariaband,Chhattisgarh,Inactive,2023-08-14T17:54:22.951Z,2023-08-14T17:54:22.951Z
653e95037a4cd00544ea7803,Gaurela Pendra Marwahi,gaurela-pendra-marwahi,Chhattisgarh,Inactive,2023-08-14T17:54:22.951Z,2023-08-14T17:54:22.951Z
653e95037a4cd00544ea7804,Janjgir Champa,janjgir-champa,Chhattisgarh,Inactive,2023-08-14T17:54:22.951Z,2023-08-14T17:54:22.951Z
653e95037a4cd00544ea7805,Jashpur,jashpur,Chhattisgarh,Inactive,2023-08-14T17:54:22.951Z,2023-08-14T17:54:22.951Z
653e95037a4cd00544ea7806,Kabirdham,kabirdham,Chhattisgarh,Inactive,2023-08-14T17:54:22.951Z,2023-08-14T17:54:22.951Z
653e95037a4cd00544ea7807,Kanker,kanker,Chhattisgarh,Inactive,2023-08-14T17:54:22.951Z,2023-08-14T17:54:22.951Z
653e95037a4cd00544ea7808,Kondagaon,kondagaon,Chhattisgarh,Inactive,2023-08-14T17:54:22.951Z,2023-08-14T17:54:22.951Z
653e95037a4cd00544ea7809,Korba,korba,Chhattisgarh,Inactive,2023-08-14T17:54:22.951Z,2023-08-14T17:54:22.951Z
653e95037a4cd00544ea780a,Koriya,koriya,Chhattisgarh,Inactive,2023-08-14T17:54:22.951Z,2023-08-14T17:54:22.951Z
653e95037a4cd00544ea780b,Mahasamund,mahasamund,Chhattisgarh,Inactive,2023-08-14T17:54:22.951Z,2023-08-14T17:54:22.951Z
653e95037a4cd00544ea780c,Mungeli,mungeli,Chhattisgarh,Inactive,2023-08-14T17:54:22.951Z,2023-08-14T17:54:22.951Z
653e95037a4cd00544ea780d,Narayanpur,narayanpur,Chhattisgarh,Inactive,2023-08-14T17:54:22.951Z,2023-08-14T17:54:22.951Z
653e95037a4cd00544ea780e,Raigarh,raigarh,Chhattisgarh,Inactive,2023-08-14T17:54:22.951Z,2023-08-14T17:54:22.951Z
653e95037a4cd00544ea780f,Raipur,raipur,Chhattisgarh,Inactive,2023-08-14T17:54:22.951Z,2023-08-14T17:54:22.951Z
653e95037a4cd00544ea7810,Rajnandgaon,rajnandgaon,Chhattisgarh,Inactive,2023-08-14T17:54:22.951Z,2023-08-14T17:54:22.951Z
653e95037a4cd00544ea7811,Sukma,sukma,Chhattisgarh,Inactive,2023-08-14T17:54:22.951Z,2023-08-14T17:54:22.951Z
653e95037a4cd00544ea7812,Surajpur,surajpur,Chhattisgarh,Inactive,2023-08-14T17:54:22.951Z,2023-08-14T17:54:22.951Z
653e95037a4cd00544ea7813,Surguja,surguja,Chhattisgarh,Inactive,2023-08-14T17:54:22.951Z,2023-08-14T17:54:22.951Z
653e95037a4cd00544ea7814,Dadra and Nagar Haveli,dadra-and-nagar-haveli,Dadra and Nagar Haveli,Inactive,2023-08-14T17:54:22.951Z,2023-08-14T17:54:22.951Z
653e95037a4cd00544ea7815,Daman,daman,Daman and Diu,Inactive,2023-08-14T17:54:22.951Z,2023-08-14T17:54:22.951Z
653e95037a4cd00544ea7816,Diu,diu,Daman and Diu,Inactive,2023-08-14T17:54:22.951Z,2023-08-14T17:54:22.951Z
653e95037a4cd00544ea7817,Central Delhi,central-delhi,Delhi,Active,2023-08-14T17:54:22.951Z,2023-08-14T17:54:22.951Z
653e95037a4cd00544ea7818,East Delhi,east-delhi,Delhi,Active,2023-08-14T17:54:22.951Z,2023-08-14T17:54:22.951Z
653e95037a4cd00544ea7819,New Delhi,new-delhi,Delhi,Active,2023-08-14T17:54:22.951Z,2023-08-14T17:54:22.951Z
653e95037a4cd00544ea781a,North Delhi,north-delhi,Delhi,Active,2023-08-14T17:54:22.951Z,2023-08-14T17:54:22.951Z
653e95037a4cd00544ea781b,North East Delhi,north-east-delhi,Delhi,Active,2023-08-14T17:54:22.951Z,2023-08-14T17:54:22.951Z
653e95037a4cd00544ea781c,North West Delhi,north-west-delhi,Delhi,Active,2023-08-14T17:54:22.951Z,2023-08-14T17:54:22.951Z
653e95037a4cd00544ea781d,Shahdara,shahdara,Delhi,Active,2023-08-14T17:54:22.951Z,2023-08-14T17:54:22.951Z
653e95037a4cd00544ea781e,South Delhi,south-delhi,Delhi,Active,2023-08-14T17:54:22.951Z,2023-08-14T17:54:22.951Z
653e95037a4cd00544ea781f,South East Delhi,south-east-delhi,Delhi,Active,2023-08-14T17:54:22.951Z,2023-08-14T17:54:22.951Z
653e95037a4cd00544ea7820,South West Delhi,south-west-delhi,Delhi,Active,2023-08-14T17:54:22.951Z,2023-08-14T17:54:22.951Z
653e95037a4cd00544ea7821,West Delhi,west-delhi,Delhi,Active,2023-08-14T17:54:22.951Z,2023-08-14T17:54:22.951Z
653e95037a4cd00544ea7822,North Goa,north-goa,Goa,Inactive,2023-08-14T17:54:22.951Z,2023-08-14T17:54:22.951Z
653e95037a4cd00544ea7823,South Goa,south-goa,Goa,Inactive,2023-08-14T17:54:22.951Z,2023-08-14T17:54:22.951Z
653e95037a4cd00544ea7824,Ahmedabad,ahmedabad,Gujarat,Inactive,2023-08-14T17:54:22.951Z,2023-08-14T17:54:22.951Z
653e95037a4cd00544ea7825,Amreli,amreli,Gujarat,Inactive,2023-08-14T17:54:22.951Z,2023-08-14T17:54:22.951Z
653e95037a4cd00544ea7826,Anand,anand,Gujarat,Inactive,2023-08-14T17:54:22.951Z,2023-08-14T17:54:22.951Z
653e95037a4cd00544ea7827,Aravalli,aravalli,Gujarat,Inactive,2023-08-14T17:54:22.951Z,2023-08-14T17:54:22.951Z
653e95037a4cd00544ea7828,Banaskantha,banaskantha,Gujarat,Inactive,2023-08-14T17:54:22.951Z,2023-08-14T17:54:22.951Z
653e95037a4cd00544ea7829,Bharuch,bharuch,Gujarat,Inactive,2023-08-14T17:54:22.951Z,2023-08-14T17:54:22.951Z
653e95037a4cd00544ea782a,Bhavnagar,bhavnagar,Gujarat,Inactive,2023-08-14T17:54:22.951Z,2023-08-14T17:54:22.951Z
653e95037a4cd00544ea782b,Botad,botad,Gujarat,Inactive,2023-08-14T17:54:22.951Z,2023-08-14T17:54:22.951Z
653e95037a4cd00544ea782c,Chhota Udaipur,chhota-udaipur,Gujarat,Inactive,2023-08-14T17:54:22.951Z,2023-08-14T17:54:22.951Z
653e95037a4cd00544ea782d,Dahod,dahod,Gujarat,Inactive,2023-08-14T17:54:22.951Z,2023-08-14T17:54:22.951Z
653e95037a4cd00544ea782e,Dang,dang,Gujarat,Inactive,2023-08-14T17:54:22.951Z,2023-08-14T17:54:22.951Z
653e95037a4cd00544ea782f,Devbhoomi Dwarka,devbhoomi-dwarka,Gujarat,Inactive,2023-08-14T17:54:22.951Z,2023-08-14T17:54:22.951Z
653e95037a4cd00544ea7830,Gandhinagar,gandhinagar,Gujarat,Inactive,2023-08-14T17:54:22.951Z,2023-08-14T17:54:22.951Z
653e95037a4cd00544ea7831,Gir Somnath,gir-somnath,Gujarat,Inactive,2023-08-14T17:54:22.951Z,2023-08-14T17:54:22.951Z
653e95037a4cd00544ea7832,Jamnagar,jamnagar,Gujarat,Inactive,2023-08-14T17:54:22.951Z,2023-08-14T17:54:22.951Z
653e95037a4cd00544ea7833,Junagadh,junagadh,Gujarat,Inactive,2023-08-14T17:54:22.951Z,2023-08-14T17:54:22.951Z
653e95037a4cd00544ea7834,Kheda,kheda,Gujarat,Inactive,2023-08-14T17:54:22.951Z,2023-08-14T17:54:22.951Z
653e95037a4cd00544ea7835,Kutch,kutch,Gujarat,Inactive,2023-08-14T17:54:22.951Z,2023-08-14T17:54:22.951Z
653e95037a4cd00544ea7836,Mahisagar,mahisagar,Gujarat,Inactive,2023-08-14T17:54:22.951Z,2023-08-14T17:54:22.951Z
653e95037a4cd00544ea7837,Mehsana,mehsana,Gujarat,Inactive,2023-08-14T17:54:22.951Z,2023-08-14T17:54:22.951Z
653e95037a4cd00544ea7838,Morbi,morbi,Gujarat,Inactive,2023-08-14T17:54:22.951Z,2023-08-14T17:54:22.951Z
653e95037a4cd00544ea7839,Narmada,narmada,Gujarat,Inactive,2023-08-14T17:54:22.951Z,2023-08-14T17:54:22.951Z
653e95037a4cd00544ea783a,Navsari,navsari,Gujarat,Inactive,2023-08-14T17:54:22.951Z,2023-08-14T17:54:22.951Z
653e95037a4cd00544ea783b,Panchmahal,panchmahal,Gujarat,Inactive,2023-08-14T17:54:22.951Z,2023-08-14T17:54:22.951Z
653e95037a4cd00544ea783c,Patan,patan,Gujarat,Inactive,2023-08-14T17:54:22.951Z,2023-08-14T17:54:22.951Z
653e95037a4cd00544ea783d,Porbandar,porbandar,Gujarat,Inactive,2023-08-14T17:54:22.951Z,2023-08-14T17:54:22.951Z
653e95037a4cd00544ea783e,Rajkot,rajkot,Gujarat,Inactive,2023-08-14T17:54:22.951Z,2023-08-14T17:54:22.951Z
653e95037a4cd00544ea783f,Sabarkantha,sabarkantha,Gujarat,Inactive,2023-08-14T17:54:22.951Z,2023-08-14T17:54:22.951Z
653e95037a4cd00544ea7840,Surat,surat,Gujarat,Inactive,2023-08-14T17:54:22.951Z,2023-08-14T17:54:22.951Z
653e95037a4cd00544ea7841,Surendranagar,surendranagar,Gujarat,Inactive,2023-08-14T17:54:22.951Z,2023-08-14T17:54:22.951Z
653e95037a4cd00544ea7842,Tapi,tapi,Gujarat,Inactive,2023-08-14T17:54:22.951Z,2023-08-14T17:54:22.951Z
653e95037a4cd00544ea7843,Vadodara,vadodara,Gujarat,Inactive,2023-08-14T17:54:22.951Z,2023-08-14T17:54:22.951Z
653e95037a4cd00544ea7844,Valsad,valsad,Gujarat,Inactive,2023-08-14T17:54:22.951Z,2023-08-14T17:54:22.951Z
653e95037a4cd00544ea7845,Ambala,ambala,Haryana,Inactive,2023-08-14T17:54:22.951Z,2023-08-14T17:54:22.951Z
653e95037a4cd00544ea7846,Bhiwani,bhiwani,Haryana,Inactive,2023-08-14T17:54:22.951Z,2023-08-14T17:54:22.951Z
653e95037a4cd00544ea7847,Charkhi Dadri,charkhi-dadri,Haryana,Inactive,2023-08-14T17:54:22.951Z,2023-08-14T17:54:22.951Z
653e95037a4cd00544ea7848,Faridabad,faridabad,Haryana,Inactive,2023-08-14T17:54:22.951Z,2023-08-14T17:54:22.951Z
653e95037a4cd00544ea7849,Fatehabad,fatehabad,Haryana,Inactive,2023-08-14T17:54:22.951Z,2023-08-14T17:54:22.951Z
653e95037a4cd00544ea784a,Gurugram,gurugram,Haryana,Inactive,2023-08-14T17:54:22.951Z,2023-08-14T17:54:22.951Z
653e95037a4cd00544ea784b,Hisar,hisar,Haryana,Inactive,2023-08-14T17:54:22.951Z,2023-08-14T17:54:22.951Z
653e95037a4cd00544ea784c,Jhajjar,jhajjar,Haryana,Inactive,2023-08-14T17:54:22.951Z,2023-08-14T17:54:22.951Z
653e95037a4cd00544ea784d,Jind,jind,Haryana,Inactive,2023-08-14T17:54:22.951Z,2023-08-14T17:54:22.951Z
653e95037a4cd00544ea784e,Kaithal,kaithal,Haryana,Inactive,2023-08-14T17:54:22.951Z,2023-08-14T17:54:22.951Z
653e95037a4cd00544ea784f,Karnal,karnal,Haryana,Inactive,2023-08-14T17:54:22.951Z,2023-08-14T17:54:22.951Z
653e95037a4cd00544ea7850,Kurukshetra,kurukshetra,Haryana,Inactive,2023-08-14T17:54:22.951Z,2023-08-14T17:54:22.951Z
653e95037a4cd00544ea7851,Mahendragarh,mahendragarh,Haryana,Inactive,2023-08-14T17:54:22.951Z,2023-08-14T17:54:22.951Z
653e95037a4cd00544ea7852,Mewat,mewat,Haryana,Inactive,2023-08-14T17:54:22.951Z,2023-08-14T17:54:22.951Z
653e95037a4cd00544ea7853,Palwal,palwal,Haryana,Inactive,2023-08-14T17:54:22.951Z,2023-08-14T17:54:22.951Z
653e95037a4cd00544ea7854,Panchkula,panchkula,Haryana,Inactive,2023-08-14T17:54:22.951Z,2023-08-14T17:54:22.951Z
653e95037a4cd00544ea7855,Panipat,panipat,Haryana,Inactive,2023-08-14T17:54:22.951Z,2023-08-14T17:54:22.951Z
653e95037a4cd00544ea7856,Rewari,rewari,Haryana,Inactive,2023-08-14T17:54:22.951Z,2023-08-14T17:54:22.951Z
653e95037a4cd00544ea7857,Rohtak,rohtak,Haryana,Inactive,2023-08-14T17:54:22.951Z,2023-08-14T17:54:22.951Z
653e95037a4cd00544ea7858,Sirsa,sirsa,Haryana,Inactive,2023-08-14T17:54:22.951Z,2023-08-14T17:54:22.951Z
653e95037a4cd00544ea7859,Sonipat,sonipat,Haryana,Inactive,2023-08-14T17:54:22.951Z,2023-08-14T17:54:22.951Z
653e95037a4cd00544ea785a,Yamunanagar,yamunanagar,Haryana,Inactive,2023-08-14T17:54:22.951Z,2023-08-14T17:54:22.951Z
653e95037a4cd00544ea785b,Bilaspur,bilaspur,Himachal Pradesh,Inactive,2023-08-14T17:54:22.951Z,2023-08-14T17:54:22.951Z
653e95037a4cd00544ea785c,Chamba,chamba,Himachal Pradesh,Inactive,2023-08-14T17:54:22.951Z,2023-08-14T17:54:22.951Z
653e95037a4cd00544ea785d,Hamirpur,hamirpur,Himachal Pradesh,Inactive,2023-08-14T17:54:22.951Z,2023-08-14T17:54:22.951Z
653e95037a4cd00544ea785e,Kangra,kangra,Himachal Pradesh,Inactive,2023-08-14T17:54:22.951Z,2023-08-14T17:54:22.951Z
653e95037a4cd00544ea785f,Kinnaur,kinnaur,Himachal Pradesh,Inactive,2023-08-14T17:54:22.951Z,2023-08-14T17:54:22.951Z
653e95037a4cd00544ea7860,Kullu,kullu,Himachal Pradesh,Inactive,2023-08-14T17:54:22.951Z,2023-08-14T17:54:22.951Z
653e95037a4cd00544ea7861,Lahaul Spiti,lahaul-spiti,Himachal Pradesh,Inactive,2023-08-14T17:54:22.951Z,2023-08-14T17:54:22.951Z
653e95037a4cd00544ea7862,Mandi,mandi,Himachal Pradesh,Inactive,2023-08-14T17:54:22.951Z,2023-08-14T17:54:22.951Z
653e95037a4cd00544ea7863,Shimla,shimla,Himachal Pradesh,Inactive,2023-08-14T17:54:22.951Z,2023-08-14T17:54:22.951Z
653e95037a4cd00544ea7864,Sirmaur,sirmaur,Himachal Pradesh,Inactive,2023-08-14T17:54:22.951Z,2023-08-14T17:54:22.951Z
653e95037a4cd00544ea7865,Solan,solan,Himachal Pradesh,Inactive,2023-08-14T17:54:22.951Z,2023-08-14T17:54:22.951Z
653e95037a4cd00544ea7866,Una,una,Himachal Pradesh,Inactive,2023-08-14T17:54:22.951Z,2023-08-14T17:54:22.951Z
653e95037a4cd00544ea7867,Anantnag,anantnag,Jammu and Kashmir,Inactive,2023-08-14T17:54:22.951Z,2023-08-14T17:54:22.951Z
653e95037a4cd00544ea7868,Bandipora,bandipora,Jammu and Kashmir,Inactive,2023-08-14T17:54:22.951Z,2023-08-14T17:54:22.951Z
653e95037a4cd00544ea7869,Baramulla,baramulla,Jammu and Kashmir,Inactive,2023-08-14T17:54:22.951Z,2023-08-14T17:54:22.951Z
653e95037a4cd00544ea786a,Budgam,budgam,Jammu and Kashmir,Inactive,2023-08-14T17:54:22.951Z,2023-08-14T17:54:22.951Z
653e95037a4cd00544ea786b,Doda,doda,Jammu and Kashmir,Inactive,2023-08-14T17:54:22.951Z,2023-08-14T17:54:22.951Z
653e95037a4cd00544ea786c,Ganderbal,ganderbal,Jammu and Kashmir,Inactive,2023-08-14T17:54:22.951Z,2023-08-14T17:54:22.951Z
653e95037a4cd00544ea786d,Jammu,jammu,Jammu and Kashmir,Inactive,2023-08-14T17:54:22.951Z,2023-08-14T17:54:22.951Z
653e95037a4cd00544ea786e,Kathua,kathua,Jammu and Kashmir,Inactive,2023-08-14T17:54:22.951Z,2023-08-14T17:54:22.951Z
653e95037a4cd00544ea786f,Kishtwar,kishtwar,Jammu and Kashmir,Inactive,2023-08-14T17:54:22.951Z,2023-08-14T17:54:22.951Z
653e95037a4cd00544ea7870,Kulgam,kulgam,Jammu and Kashmir,Inactive,2023-08-14T17:54:22.951Z,2023-08-14T17:54:22.951Z
653e95037a4cd00544ea7871,Kupwara,kupwara,Jammu and Kashmir,Inactive,2023-08-14T17:54:22.951Z,2023-08-14T17:54:22.951Z
653e95037a4cd00544ea7872,Poonch,poonch,Jammu and Kashmir,Inactive,2023-08-14T17:54:22.951Z,2023-08-14T17:54:22.951Z
653e95037a4cd00544ea7873,Pulwama,pulwama,Jammu and Kashmir,Inactive,2023-08-14T17:54:22.951Z,2023-08-14T17:54:22.951Z
653e95037a4cd00544ea7874,Rajouri,rajouri,Jammu and Kashmir,Inactive,2023-08-14T17:54:22.951Z,2023-08-14T17:54:22.951Z
653e95037a4cd00544ea7875,Ramban,ramban,Jammu and Kashmir,Inactive,2023-08-14T17:54:22.951Z,2023-08-14T17:54:22.951Z
653e95037a4cd00544ea7876,Reasi,reasi,Jammu and Kashmir,Inactive,2023-08-14T17:54:22.951Z,2023-08-14T17:54:22.951Z
653e95037a4cd00544ea7877,Samba,samba,Jammu and Kashmir,Inactive,2023-08-14T17:54:22.951Z,2023-08-14T17:54:22.951Z
653e95037a4cd00544ea7878,Shopian,shopian,Jammu and Kashmir,Inactive,2023-08-14T17:54:22.951Z,2023-08-14T17:54:22.951Z
653e95037a4cd00544ea7879,Srinagar,srinagar,Jammu and Kashmir,Inactive,2023-08-14T17:54:22.951Z,2023-08-14T17:54:22.951Z
653e95037a4cd00544ea787a,Udhampur,udhampur,Jammu and Kashmir,Inactive,2023-08-14T17:54:22.951Z,2023-08-14T17:54:22.951Z
653e95037a4cd00544ea787b,Bokaro,bokaro,Jharkhand,Inactive,2023-08-14T17:54:22.951Z,2023-08-14T17:54:22.951Z
653e95037a4cd00544ea787c,Chatra,chatra,Jharkhand,Inactive,2023-08-14T17:54:22.951Z,2023-08-14T17:54:22.951Z
653e95037a4cd00544ea787d,Deoghar,deoghar,Jharkhand,Inactive,2023-08-14T17:54:22.951Z,2023-08-14T17:54:22.951Z
653e95037a4cd00544ea787e,Dhanbad,dhanbad,Jharkhand,Inactive,2023-08-14T17:54:22.951Z,2023-08-14T17:54:22.951Z
653e95037a4cd00544ea787f,Dumka,dumka,Jharkhand,Inactive,2023-08-14T17:54:22.951Z,2023-08-14T17:54:22.951Z
653e95037a4cd00544ea7880,East Singhbhum,east-singhbhum,Jharkhand,Inactive,2023-08-14T17:54:22.951Z,2023-08-14T17:54:22.951Z
653e95037a4cd00544ea7881,Garhwa,garhwa,Jharkhand,Inactive,2023-08-14T17:54:22.951Z,2023-08-14T17:54:22.951Z
653e95037a4cd00544ea7882,Giridih,giridih,Jharkhand,Inactive,2023-08-14T17:54:22.951Z,2023-08-14T17:54:22.951Z
653e95037a4cd00544ea7883,Godda,godda,Jharkhand,Inactive,2023-08-14T17:54:22.951Z,2023-08-14T17:54:22.951Z
653e95037a4cd00544ea7884,Gumla,gumla,Jharkhand,Inactive,2023-08-14T17:54:22.951Z,2023-08-14T17:54:22.951Z
653e95037a4cd00544ea7885,Hazaribagh,hazaribagh,Jharkhand,Inactive,2023-08-14T17:54:22.951Z,2023-08-14T17:54:22.951Z
653e95037a4cd00544ea7886,Jamtara,jamtara,Jharkhand,Inactive,2023-08-14T17:54:22.951Z,2023-08-14T17:54:22.951Z
653e95037a4cd00544ea7887,Khunti,khunti,Jharkhand,Inactive,2023-08-14T17:54:22.951Z,2023-08-14T17:54:22.951Z
653e95037a4cd00544ea7888,Koderma,koderma,Jharkhand,Inactive,2023-08-14T17:54:22.951Z,2023-08-14T17:54:22.951Z
653e95037a4cd00544ea7889,Latehar,latehar,Jharkhand,Inactive,2023-08-14T17:54:22.951Z,2023-08-14T17:54:22.951Z
653e95037a4cd00544ea788a,Lohardaga,lohardaga,Jharkhand,Inactive,2023-08-14T17:54:22.951Z,2023-08-14T17:54:22.951Z
653e95037a4cd00544ea788b,Pakur,pakur,Jharkhand,Inactive,2023-08-14T17:54:22.951Z,2023-08-14T17:54:22.951Z
653e95037a4cd00544ea788c,Palamu,palamu,Jharkhand,Inactive,2023-08-14T17:54:22.951Z,2023-08-14T17:54:22.951Z
653e95037a4cd00544ea788d,Ramgarh,ramgarh,Jharkhand,Inactive,2023-08-14T17:54:22.951Z,2023-08-14T17:54:22.951Z
653e95037a4cd00544ea788e,Ranchi,ranchi,Jharkhand,Inactive,2023-08-14T17:54:22.951Z,2023-08-14T17:54:22.951Z
653e95037a4cd00544ea788f,Sahebganj,sahebganj,Jharkhand,Inactive,2023-08-14T17:54:22.951Z,2023-08-14T17:54:22.951Z
653e95037a4cd00544ea7890,Seraikela Kharsawan,seraikela-kharsawan,Jharkhand,Inactive,2023-08-14T17:54:22.951Z,2023-08-14T17:54:22.951Z
653e95037a4cd00544ea7891,Simdega,simdega,Jharkhand,Inactive,2023-08-14T17:54:22.951Z,2023-08-14T17:54:22.951Z
653e95037a4cd00544ea7892,West Singhbhum,west-singhbhum,Jharkhand,Inactive,2023-08-14T17:54:22.951Z,2023-08-14T17:54:22.951Z
653e95037a4cd00544ea7893,Bagalkot,bagalkot,Karnataka,Inactive,2023-08-14T17:54:22.951Z,2023-08-14T17:54:22.951Z
653e95037a4cd00544ea7894,Bangalore Rural,bangalore-rural,Karnataka,Inactive,2023-08-14T17:54:22.951Z,2023-08-14T17:54:22.951Z
653e95037a4cd00544ea7895,Bangalore Urban,bangalore-urban,Karnataka,Inactive,2023-08-14T17:54:22.951Z,2023-08-14T17:54:22.951Z
653e95037a4cd00544ea7896,Belgaum,belgaum,Karnataka,Inactive,2023-08-14T17:54:22.951Z,2023-08-14T17:54:22.951Z
653e95037a4cd00544ea7897,Bellary,bellary,Karnataka,Inactive,2023-08-14T17:54:22.951Z,2023-08-14T17:54:22.951Z
653e95037a4cd00544ea7898,Bidar,bidar,Karnataka,Inactive,2023-08-14T17:54:22.951Z,2023-08-14T17:54:22.951Z
653e95037a4cd00544ea7899,Chamarajanagar,chamarajanagar,Karnataka,Inactive,2023-08-14T17:54:22.951Z,2023-08-14T17:54:22.951Z
653e95037a4cd00544ea789a,Chikkaballapur,chikkaballapur,Karnataka,Inactive,2023-08-14T17:54:22.951Z,2023-08-14T17:54:22.951Z
653e95037a4cd00544ea789b,Chikkamagaluru,chikkamagaluru,Karnataka,Inactive,2023-08-14T17:54:22.951Z,2023-08-14T17:54:22.951Z
653e95037a4cd00544ea789c,Chitradurga,chitradurga,Karnataka,Inactive,2023-08-14T17:54:22.951Z,2023-08-14T17:54:22.951Z
653e95037a4cd00544ea789d,Dakshina Kannada,dakshina-kannada,Karnataka,Inactive,2023-08-14T17:54:22.951Z,2023-08-14T17:54:22.951Z
653e95037a4cd00544ea789e,Davanagere,davanagere,Karnataka,Inactive,2023-08-14T17:54:22.951Z,2023-08-14T17:54:22.951Z
653e95037a4cd00544ea789f,Dharwad,dharwad,Karnataka,Inactive,2023-08-14T17:54:22.951Z,2023-08-14T17:54:22.951Z
653e95037a4cd00544ea78a0,Gadag,gadag,Karnataka,Inactive,2023-08-14T17:54:22.951Z,2023-08-14T17:54:22.951Z
653e95037a4cd00544ea78a1,Gulbarga,gulbarga,Karnataka,Inactive,2023-08-14T17:54:22.951Z,2023-08-14T17:54:22.951Z
653e95037a4cd00544ea78a2,Hassan,hassan,Karnataka,Inactive,2023-08-14T17:54:22.951Z,2023-08-14T17:54:22.951Z
653e95037a4cd00544ea78a3,Haveri,haveri,Karnataka,Inactive,2023-08-14T17:54:22.951Z,2023-08-14T17:54:22.951Z
653e95037a4cd00544ea78a4,Kodagu,kodagu,Karnataka,Inactive,2023-08-14T17:54:22.951Z,2023-08-14T17:54:22.951Z
653e95037a4cd00544ea78a5,Kolar,kolar,Karnataka,Inactive,2023-08-14T17:54:22.951Z,2023-08-14T17:54:22.951Z
653e95037a4cd00544ea78a6,Koppal,koppal,Karnataka,Inactive,2023-08-14T17:54:22.951Z,2023-08-14T17:54:22.951Z
653e95037a4cd00544ea78a7,Mandya,mandya,Karnataka,Inactive,2023-08-14T17:54:22.951Z,2023-08-14T17:54:22.951Z
653e95037a4cd00544ea78a8,Mysore,mysore,Karnataka,Inactive,2023-08-14T17:54:22.951Z,2023-08-14T17:54:22.951Z
653e95037a4cd00544ea78a9,Raichur,raichur,Karnataka,Inactive,2023-08-14T17:54:22.951Z,2023-08-14T17:54:22.951Z
653e95037a4cd00544ea78aa,Ramanagara,ramanagara,Karnataka,Inactive,2023-08-14T17:54:22.951Z,2023-08-14T17:54:22.951Z
653e95037a4cd00544ea78ab,Shimoga,shimoga,Karnataka,Inactive,2023-08-14T17:54:22.951Z,2023-08-14T17:54:22.951Z
653e95037a4cd00544ea78ac,Tumkur,tumkur,Karnataka,Inactive,2023-08-14T17:54:22.951Z,2023-08-14T17:54:22.951Z
653e95037a4cd00544ea78ad,Udupi,udupi,Karnataka,Inactive,2023-08-14T17:54:22.951Z,2023-08-14T17:54:22.951Z
653e95037a4cd00544ea78ae,Uttara Kannada,uttara-kannada,Karnataka,Inactive,2023-08-14T17:54:22.951Z,2023-08-14T17:54:22.951Z
653e95037a4cd00544ea78af,Vijayapura,vijayapura,Karnataka,Inactive,2023-08-14T17:54:22.951Z,2023-08-14T17:54:22.951Z
653e95037a4cd00544ea78b0,Yadgir,yadgir,Karnataka,Inactive,2023-08-14T17:54:22.951Z,2023-08-14T17:54:22.951Z
653e95037a4cd00544ea78b1,Alappuzha,alappuzha,Kerala,Inactive,2023-08-14T17:54:22.951Z,2023-08-14T17:54:22.951Z
653e95037a4cd00544ea78b2,Ernakulam,ernakulam,Kerala,Inactive,2023-08-14T17:54:22.951Z,2023-08-14T17:54:22.951Z
653e95037a4cd00544ea78b3,Idukki,idukki,Kerala,Inactive,2023-08-14T17:54:22.951Z,2023-08-14T17:54:22.951Z
653e95037a4cd00544ea78b4,Kannur,kannur,Kerala,Inactive,2023-08-14T17:54:22.951Z,2023-08-14T17:54:22.951Z
653e95037a4cd00544ea78b5,Kasaragod,kasaragod,Kerala,Inactive,2023-08-14T17:54:22.951Z,2023-08-14T17:54:22.951Z
653e95037a4cd00544ea78b6,Kollam,kollam,Kerala,Inactive,2023-08-14T17:54:22.951Z,2023-08-14T17:54:22.951Z
653e95037a4cd00544ea78b7,Kottayam,kottayam,Kerala,Inactive,2023-08-14T17:54:22.951Z,2023-08-14T17:54:22.951Z
653e95037a4cd00544ea78b8,Kozhikode,kozhikode,Kerala,Inactive,2023-08-14T17:54:22.951Z,2023-08-14T17:54:22.951Z
653e95037a4cd00544ea78b9,Malappuram,malappuram,Kerala,Inactive,2023-08-14T17:54:22.951Z,2023-08-14T17:54:22.951Z
653e95037a4cd00544ea78ba,Palakkad,palakkad,Kerala,Inactive,2023-08-14T17:54:22.951Z,2023-08-14T17:54:22.951Z
653e95037a4cd00544ea78bb,Pathanamthitta,pathanamthitta,Kerala,Inactive,2023-08-14T17:54:22.951Z,2023-08-14T17:54:22.951Z
653e95037a4cd00544ea78bc,Thiruvananthapuram,thiruvananthapuram,Kerala,Inactive,2023-08-14T17:54:22.951Z,2023-08-14T17:54:22.951Z
653e95037a4cd00544ea78bd,Thrissur,thrissur,Kerala,Inactive,2023-08-14T17:54:22.951Z,2023-08-14T17:54:22.951Z
653e95037a4cd00544ea78be,Wayanad,wayanad,Kerala,Inactive,2023-08-14T17:54:22.951Z,2023-08-14T17:54:22.951Z
653e95037a4cd00544ea78bf,Kargil,kargil,Ladakh,Inactive,2023-08-14T17:54:22.951Z,2023-08-14T17:54:22.951Z
653e95037a4cd00544ea78c0,Leh,leh,Ladakh,Inactive,2023-08-14T17:54:22.951Z,2023-08-14T17:54:22.951Z
653e95037a4cd00544ea78c1,Lakshadweep,lakshadweep,Lakshadweep,Inactive,2023-08-14T17:54:22.951Z,2023-08-14T17:54:22.951Z
653e95037a4cd00544ea78c2,Agar Malwa,agar-malwa,Madhya Pradesh,Inactive,2023-08-14T17:54:22.951Z,2023-08-14T17:54:22.951Z
653e95037a4cd00544ea78c3,Alirajpur,alirajpur,Madhya Pradesh,Inactive,2023-08-14T17:54:22.951Z,2023-08-14T17:54:22.951Z
653e95037a4cd00544ea78c4,Anuppur,anuppur,Madhya Pradesh,Inactive,2023-08-14T17:54:22.951Z,2023-08-14T17:54:22.951Z
653e95037a4cd00544ea78c5,Ashoknagar,ashoknagar,Madhya Pradesh,Inactive,2023-08-14T17:54:22.951Z,2023-08-14T17:54:22.951Z
653e95037a4cd00544ea78c6,Balaghat,balaghat,Madhya Pradesh,Inactive,2023-08-14T17:54:22.951Z,2023-08-14T17:54:22.951Z
653e95037a4cd00544ea78c7,Barwani,barwani,Madhya Pradesh,Inactive,2023-08-14T17:54:22.951Z,2023-08-14T17:54:22.951Z
653e95037a4cd00544ea78c8,Betul,betul,Madhya Pradesh,Inactive,2023-08-14T17:54:22.951Z,2023-08-14T17:54:22.951Z
653e95037a4cd00544ea78c9,Bhind,bhind,Madhya Pradesh,Inactive,2023-08-14T17:54:22.951Z,2023-08-14T17:54:22.951Z
653e95037a4cd00544ea78ca,Bhopal,bhopal,Madhya Pradesh,Inactive,2023-08-14T17:54:22.951Z,2023-08-14T17:54:22.951Z
653e95037a4cd00544ea78cb,Burhanpur,burhanpur,Madhya Pradesh,Inactive,2023-08-14T17:54:22.951Z,2023-08-14T17:54:22.951Z
653e95037a4cd00544ea78cc,Chachaura,chachaura,Madhya Pradesh,Inactive,2023-08-14T17:54:22.951Z,2023-08-14T17:54:22.951Z
653e95037a4cd00544ea78cd,Chhatarpur,chhatarpur,Madhya Pradesh,Inactive,2023-08-14T17:54:22.951Z,2023-08-14T17:54:22.951Z
653e95037a4cd00544ea78ce,Chhindwara,chhindwara,Madhya Pradesh,Inactive,2023-08-14T17:54:22.951Z,2023-08-14T17:54:22.951Z
653e95037a4cd00544ea78cf,Damoh,damoh,Madhya Pradesh,Inactive,2023-08-14T17:54:22.951Z,2023-08-14T17:54:22.951Z
653e95037a4cd00544ea78d0,Datia,datia,Madhya Pradesh,Inactive,2023-08-14T17:54:22.951Z,2023-08-14T17:54:22.951Z
653e95037a4cd00544ea78d1,Dewas,dewas,Madhya Pradesh,Inactive,2023-08-14T17:54:22.951Z,2023-08-14T17:54:22.951Z
653e95037a4cd00544ea78d2,Dhar,dhar,Madhya Pradesh,Inactive,2023-08-14T17:54:22.951Z,2023-08-14T17:54:22.951Z
653e95037a4cd00544ea78d3,Dindori,dindori,Madhya Pradesh,Inactive,2023-08-14T17:54:22.951Z,2023-08-14T17:54:22.951Z
653e95037a4cd00544ea78d4,Guna,guna,Madhya Pradesh,Inactive,2023-08-14T17:54:22.951Z,2023-08-14T17:54:22.951Z
653e95037a4cd00544ea78d5,Gwalior,gwalior,Madhya Pradesh,Inactive,2023-08-14T17:54:22.951Z,2023-08-14T17:54:22.951Z
653e95037a4cd00544ea78d6,Harda,harda,Madhya Pradesh,Inactive,2023-08-14T17:54:22.951Z,2023-08-14T17:54:22.951Z
653e95037a4cd00544ea78d7,Hoshangabad,hoshangabad,Madhya Pradesh,Inactive,2023-08-14T17:54:22.951Z,2023-08-14T17:54:22.951Z
653e95037a4cd00544ea78d8,Indore,indore,Madhya Pradesh,Inactive,2023-08-14T17:54:22.951Z,2023-08-14T17:54:22.951Z
653e95037a4cd00544ea78d9,Jabalpur,jabalpur,Madhya Pradesh,Inactive,2023-08-14T17:54:22.951Z,2023-08-14T17:54:22.951Z
653e95037a4cd00544ea78da,Jhabua,jhabua,Madhya Pradesh,Inactive,2023-08-14T17:54:22.951Z,2023-08-14T17:54:22.951Z
653e95037a4cd00544ea78db,Katni,katni,Madhya Pradesh,Inactive,2023-08-14T17:54:22.951Z,2023-08-14T17:54:22.951Z
653e95037a4cd00544ea78dc,Khandwa,khandwa,Madhya Pradesh,Inactive,2023-08-14T17:54:22.951Z,2023-08-14T17:54:22.951Z
653e95037a4cd00544ea78dd,Khargone,khargone,Madhya Pradesh,Inactive,2023-08-14T17:54:22.951Z,2023-08-14T17:54:22.951Z
653e95037a4cd00544ea78de,Maihar,maihar,Madhya Pradesh,Inactive,2023-08-14T17:54:22.951Z,2023-08-14T17:54:22.951Z
653e95037a4cd00544ea78df,Mandla,mandla,Madhya Pradesh,Inactive,2023-08-14T17:54:22.951Z,2023-08-14T17:54:22.951Z
653e95037a4cd00544ea78e0,Mandsaur,mandsaur,Madhya Pradesh,Inactive,2023-08-14T17:54:22.951Z,2023-08-14T17:54:22.951Z
653e95037a4cd00544ea78e1,Morena,morena,Madhya Pradesh,Inactive,2023-08-14T17:54:22.951Z,2023-08-14T17:54:22.951Z
653e95037a4cd00544ea78e2,Narsinghpur,narsinghpur,Madhya Pradesh,Inactive,2023-08-14T17:54:22.951Z,2023-08-14T17:54:22.951Z
653e95037a4cd00544ea78e3,Nagda,nagda,Madhya Pradesh,Inactive,2023-08-14T17:54:22.951Z,2023-08-14T17:54:22.951Z
653e95037a4cd00544ea78e4,Neemuch,neemuch,Madhya Pradesh,Inactive,2023-08-14T17:54:22.951Z,2023-08-14T17:54:22.951Z
653e95037a4cd00544ea78e5,Niwari,niwari,Madhya Pradesh,Inactive,2023-08-14T17:54:22.951Z,2023-08-14T17:54:22.951Z
653e95037a4cd00544ea78e6,Panna,panna,Madhya Pradesh,Inactive,2023-08-14T17:54:22.951Z,2023-08-14T17:54:22.951Z
653e95037a4cd00544ea78e7,Raisen,raisen,Madhya Pradesh,Inactive,2023-08-14T17:54:22.951Z,2023-08-14T17:54:22.951Z
653e95037a4cd00544ea78e8,Rajgarh,rajgarh,Madhya Pradesh,Inactive,2023-08-14T17:54:22.951Z,2023-08-14T17:54:22.951Z
653e95037a4cd00544ea78e9,Ratlam,ratlam,Madhya Pradesh,Inactive,2023-08-14T17:54:22.951Z,2023-08-14T17:54:22.951Z
653e95037a4cd00544ea78ea,Rewa,rewa,Madhya Pradesh,Inactive,2023-08-14T17:54:22.951Z,2023-08-14T17:54:22.951Z
653e95037a4cd00544ea78eb,Sagar,sagar,Madhya Pradesh,Inactive,2023-08-14T17:54:22.951Z,2023-08-14T17:54:22.951Z
653e95037a4cd00544ea78ec,Satna,satna,Madhya Pradesh,Inactive,2023-08-14T17:54:22.951Z,2023-08-14T17:54:22.951Z
653e95037a4cd00544ea78ed,Sehore,sehore,Madhya Pradesh,Inactive,2023-08-14T17:54:22.951Z,2023-08-14T17:54:22.951Z
653e95037a4cd00544ea78ee,Seoni,seoni,Madhya Pradesh,Inactive,2023-08-14T17:54:22.951Z,2023-08-14T17:54:22.951Z
653e95037a4cd00544ea78ef,Shahdol,shahdol,Madhya Pradesh,Inactive,2023-08-14T17:54:22.951Z,2023-08-14T17:54:22.951Z
653e95037a4cd00544ea78f0,Shajapur,shajapur,Madhya Pradesh,Inactive,2023-08-14T17:54:22.951Z,2023-08-14T17:54:22.951Z
653e95037a4cd00544ea78f1,Sheopur,sheopur,Madhya Pradesh,Inactive,2023-08-14T17:54:22.951Z,2023-08-14T17:54:22.951Z
653e95037a4cd00544ea78f2,Shivpuri,shivpuri,Madhya Pradesh,Inactive,2023-08-14T17:54:22.951Z,2023-08-14T17:54:22.951Z
653e95037a4cd00544ea78f3,Sidhi,sidhi,Madhya Pradesh,Inactive,2023-08-14T17:54:22.951Z,2023-08-14T17:54:22.951Z
653e95037a4cd00544ea78f4,Singrauli,singrauli,Madhya Pradesh,Inactive,2023-08-14T17:54:22.951Z,2023-08-14T17:54:22.951Z
653e95037a4cd00544ea78f5,Tikamgarh,tikamgarh,Madhya Pradesh,Inactive,2023-08-14T17:54:22.951Z,2023-08-14T17:54:22.951Z
653e95037a4cd00544ea78f6,Ujjain,ujjain,Madhya Pradesh,Inactive,2023-08-14T17:54:22.951Z,2023-08-14T17:54:22.951Z
653e95037a4cd00544ea78f7,Umaria,umaria,Madhya Pradesh,Inactive,2023-08-14T17:54:22.951Z,2023-08-14T17:54:22.951Z
653e95037a4cd00544ea78f8,Vidisha,vidisha,Madhya Pradesh,Inactive,2023-08-14T17:54:22.951Z,2023-08-14T17:54:22.951Z
653e95037a4cd00544ea78f9,Ahmednagar,ahmednagar,Maharashtra,Inactive,2023-08-14T17:54:22.951Z,2023-08-14T17:54:22.951Z
653e95037a4cd00544ea78fa,Akola,akola,Maharashtra,Inactive,2023-08-14T17:54:22.951Z,2023-08-14T17:54:22.951Z
653e95037a4cd00544ea78fb,Amravati,amravati,Maharashtra,Inactive,2023-08-14T17:54:22.951Z,2023-08-14T17:54:22.951Z
653e95037a4cd00544ea78fc,Aurangabad,aurangabad,Maharashtra,Inactive,2023-08-14T17:54:22.951Z,2023-08-14T17:54:22.951Z
653e95037a4cd00544ea78fd,Beed,beed,Maharashtra,Inactive,2023-08-14T17:54:22.951Z,2023-08-14T17:54:22.951Z
653e95037a4cd00544ea78fe,Bhandara,bhandara,Maharashtra,Inactive,2023-08-14T17:54:22.951Z,2023-08-14T17:54:22.951Z
653e95037a4cd00544ea78ff,Buldhana,buldhana,Maharashtra,Inactive,2023-08-14T17:54:22.951Z,2023-08-14T17:54:22.951Z
653e95037a4cd00544ea7900,Chandrapur,chandrapur,Maharashtra,Inactive,2023-08-14T17:54:22.951Z,2023-08-14T17:54:22.951Z
653e95037a4cd00544ea7901,Dhule,dhule,Maharashtra,Inactive,2023-08-14T17:54:22.951Z,2023-08-14T17:54:22.951Z
653e95037a4cd00544ea7902,Gadchiroli,gadchiroli,Maharashtra,Inactive,2023-08-14T17:54:22.951Z,2023-08-14T17:54:22.951Z
653e95037a4cd00544ea7903,Gondia,gondia,Maharashtra,Inactive,2023-08-14T17:54:22.951Z,2023-08-14T17:54:22.951Z
653e95037a4cd00544ea7904,Hingoli,hingoli,Maharashtra,Inactive,2023-08-14T17:54:22.951Z,2023-08-14T17:54:22.951Z
653e95037a4cd00544ea7905,Jalgaon,jalgaon,Maharashtra,Inactive,2023-08-14T17:54:22.951Z,2023-08-14T17:54:22.951Z
653e95037a4cd00544ea7906,Jalna,jalna,Maharashtra,Inactive,2023-08-14T17:54:22.951Z,2023-08-14T17:54:22.951Z
653e95037a4cd00544ea7907,Kolhapur,kolhapur,Maharashtra,Inactive,2023-08-14T17:54:22.951Z,2023-08-14T17:54:22.951Z
653e95037a4cd00544ea7908,Latur,latur,Maharashtra,Inactive,2023-08-14T17:54:22.951Z,2023-08-14T17:54:22.951Z
653e95037a4cd00544ea7909,Mumbai City,mumbai-city,Maharashtra,Inactive,2023-08-14T17:54:22.951Z,2023-08-14T17:54:22.951Z
653e95037a4cd00544ea790a,Mumbai Suburban,mumbai-suburban,Maharashtra,Inactive,2023-08-14T17:54:22.951Z,2023-08-14T17:54:22.951Z
653e95037a4cd00544ea790b,Nagpur,nagpur,Maharashtra,Inactive,2023-08-14T17:54:22.951Z,2023-08-14T17:54:22.951Z
653e95037a4cd00544ea790c,Nanded,nanded,Maharashtra,Inactive,2023-08-14T17:54:22.951Z,2023-08-14T17:54:22.951Z
653e95037a4cd00544ea790d,Nandurbar,nandurbar,Maharashtra,Inactive,2023-08-14T17:54:22.951Z,2023-08-14T17:54:22.951Z
653e95037a4cd00544ea790e,Nashik,nashik,Maharashtra,Inactive,2023-08-14T17:54:22.951Z,2023-08-14T17:54:22.951Z
653e95037a4cd00544ea790f,Osmanabad,osmanabad,Maharashtra,Inactive,2023-08-14T17:54:22.951Z,2023-08-14T17:54:22.951Z
653e95037a4cd00544ea7910,Palghar,palghar,Maharashtra,Inactive,2023-08-14T17:54:22.951Z,2023-08-14T17:54:22.951Z
653e95037a4cd00544ea7911,Parbhani,parbhani,Maharashtra,Inactive,2023-08-14T17:54:22.951Z,2023-08-14T17:54:22.951Z
653e95037a4cd00544ea7912,Pune,pune,Maharashtra,Inactive,2023-08-14T17:54:22.951Z,2023-08-14T17:54:22.951Z
653e95037a4cd00544ea7913,Raigad,raigad,Maharashtra,Inactive,2023-08-14T17:54:22.951Z,2023-08-14T17:54:22.951Z
653e95037a4cd00544ea7914,Ratnagiri,ratnagiri,Maharashtra,Inactive,2023-08-14T17:54:22.951Z,2023-08-14T17:54:22.951Z
653e95037a4cd00544ea7915,Sangli,sangli,Maharashtra,Inactive,2023-08-14T17:54:22.951Z,2023-08-14T17:54:22.951Z
653e95037a4cd00544ea7916,Satara,satara,Maharashtra,Inactive,2023-08-14T17:54:22.951Z,2023-08-14T17:54:22.951Z
653e95037a4cd00544ea7917,Sindhudurg,sindhudurg,Maharashtra,Inactive,2023-08-14T17:54:22.951Z,2023-08-14T17:54:22.951Z
653e95037a4cd00544ea7918,Solapur,solapur,Maharashtra,Inactive,2023-08-14T17:54:22.951Z,2023-08-14T17:54:22.951Z
653e95037a4cd00544ea7919,Thane,thane,Maharashtra,Inactive,2023-08-14T17:54:22.951Z,2023-08-14T17:54:22.951Z
653e95037a4cd00544ea791a,Wardha,wardha,Maharashtra,Inactive,2023-08-14T17:54:22.951Z,2023-08-14T17:54:22.951Z
653e95037a4cd00544ea791b,Washim,washim,Maharashtra,Inactive,2023-08-14T17:54:22.951Z,2023-08-14T17:54:22.951Z
653e95037a4cd00544ea791c,Yavatmal,yavatmal,Maharashtra,Inactive,2023-08-14T17:54:22.951Z,2023-08-14T17:54:22.951Z
653e95037a4cd00544ea791d,Bishnupur,bishnupur,Manipur,Inactive,2023-08-14T17:54:22.951Z,2023-08-14T17:54:22.951Z
653e95037a4cd00544ea791e,Chandel,chandel,Manipur,Inactive,2023-08-14T17:54:22.951Z,2023-08-14T17:54:22.951Z
653e95037a4cd00544ea791f,Churachandpur,churachandpur,Manipur,Inactive,2023-08-14T17:54:22.951Z,2023-08-14T17:54:22.951Z
653e95037a4cd00544ea7920,Imphal East,imphal-east,Manipur,Inactive,2023-08-14T17:54:22.951Z,2023-08-14T17:54:22.951Z
653e95037a4cd00544ea7921,Imphal West,imphal-west,Manipur,Inactive,2023-08-14T17:54:22.951Z,2023-08-14T17:54:22.951Z
653e95037a4cd00544ea7922,Jiribam,jiribam,Manipur,Inactive,2023-08-14T17:54:22.951Z,2023-08-14T17:54:22.951Z
653e95037a4cd00544ea7923,Kakching,kakching,Manipur,Inactive,2023-08-14T17:54:22.951Z,2023-08-14T17:54:22.951Z
653e95037a4cd00544ea7924,Kamjong,kamjong,Manipur,Inactive,2023-08-14T17:54:22.951Z,2023-08-14T17:54:22.951Z
653e95037a4cd00544ea7925,Kangpokpi,kangpokpi,Manipur,Inactive,2023-08-14T17:54:22.951Z,2023-08-14T17:54:22.951Z
653e95037a4cd00544ea7926,Noney,noney,Manipur,Inactive,2023-08-14T17:54:22.951Z,2023-08-14T17:54:22.951Z
653e95037a4cd00544ea7927,Pherzawl,pherzawl,Manipur,Inactive,2023-08-14T17:54:22.951Z,2023-08-14T17:54:22.951Z
653e95037a4cd00544ea7928,Senapati,senapati,Manipur,Inactive,2023-08-14T17:54:22.951Z,2023-08-14T17:54:22.951Z
653e95037a4cd00544ea7929,Tamenglong,tamenglong,Manipur,Inactive,2023-08-14T17:54:22.951Z,2023-08-14T17:54:22.951Z
653e95037a4cd00544ea792a,Tengnoupal,tengnoupal,Manipur,Inactive,2023-08-14T17:54:22.951Z,2023-08-14T17:54:22.951Z
653e95037a4cd00544ea792b,Thoubal,thoubal,Manipur,Inactive,2023-08-14T17:54:22.951Z,2023-08-14T17:54:22.951Z
653e95037a4cd00544ea792c,Ukhrul,ukhrul,Manipur,Inactive,2023-08-14T17:54:22.951Z,2023-08-14T17:54:22.951Z
653e95037a4cd00544ea792d,East Garo Hills,east-garo-hills,Meghalaya,Inactive,2023-08-14T17:54:22.951Z,2023-08-14T17:54:22.951Z
653e95037a4cd00544ea792e,East Jaintia Hills,east-jaintia-hills,Meghalaya,Inactive,2023-08-14T17:54:22.951Z,2023-08-14T17:54:22.951Z
653e95037a4cd00544ea792f,East Khasi Hills,east-khasi-hills,Meghalaya,Inactive,2023-08-14T17:54:22.951Z,2023-08-14T17:54:22.951Z
653e95037a4cd00544ea7930,North Garo Hills,north-garo-hills,Meghalaya,Inactive,2023-08-14T17:54:22.951Z,2023-08-14T17:54:22.951Z
653e95037a4cd00544ea7931,Ri Bhoi,ri-bhoi,Meghalaya,Inactive,2023-08-14T17:54:22.951Z,2023-08-14T17:54:22.951Z
653e95037a4cd00544ea7932,South Garo Hills,south-garo-hills,Meghalaya,Inactive,2023-08-14T17:54:22.951Z,2023-08-14T17:54:22.951Z
653e95037a4cd00544ea7933,South West Garo Hills,south-west-garo-hills,Meghalaya,Inactive,2023-08-14T17:54:22.951Z,2023-08-14T17:54:22.951Z
653e95037a4cd00544ea7934,South West Khasi Hills,south-west-khasi-hills,Meghalaya,Inactive,2023-08-14T17:54:22.951Z,2023-08-14T17:54:22.951Z
653e95037a4cd00544ea7935,West Garo Hills,west-garo-hills,Meghalaya,Inactive,2023-08-14T17:54:22.951Z,2023-08-14T17:54:22.951Z
653e95037a4cd00544ea7936,West Jaintia Hills,west-jaintia-hills,Meghalaya,Inactive,2023-08-14T17:54:22.951Z,2023-08-14T17:54:22.951Z
653e95037a4cd00544ea7937,West Khasi Hills,west-khasi-hills,Meghalaya,Inactive,2023-08-14T17:54:22.951Z,2023-08-14T17:54:22.951Z
653e95037a4cd00544ea7938,Aizawl,aizawl,Mizoram,Inactive,2023-08-14T17:54:22.951Z,2023-08-14T17:54:22.951Z
653e95037a4cd00544ea7939,Champhai,champhai,Mizoram,Inactive,2023-08-14T17:54:22.951Z,2023-08-14T17:54:22.951Z
653e95037a4cd00544ea793a,Hnahthial,hnahthial,Mizoram,Inactive,2023-08-14T17:54:22.951Z,2023-08-14T17:54:22.951Z
653e95037a4cd00544ea793b,Kolasib,kolasib,Mizoram,Inactive,2023-08-14T17:54:22.951Z,2023-08-14T17:54:22.951Z
653e95037a4cd00544ea793c,Khawzawl,khawzawl,Mizoram,Inactive,2023-08-14T17:54:22.951Z,2023-08-14T17:54:22.951Z
653e95037a4cd00544ea793d,Lawngtlai,lawngtlai,Mizoram,Inactive,2023-08-14T17:54:22.951Z,2023-08-14T17:54:22.951Z
653e95037a4cd00544ea793e,Lunglei,lunglei,Mizoram,Inactive,2023-08-14T17:54:22.951Z,2023-08-14T17:54:22.951Z
653e95037a4cd00544ea793f,Mamit,mamit,Mizoram,Inactive,2023-08-14T17:54:22.951Z,2023-08-14T17:54:22.951Z
653e95037a4cd00544ea7940,Saiha,saiha,Mizoram,Inactive,2023-08-14T17:54:22.951Z,2023-08-14T17:54:22.951Z
653e95037a4cd00544ea7941,Serchhip,serchhip,Mizoram,Inactive,2023-08-14T17:54:22.951Z,2023-08-14T17:54:22.951Z
653e95037a4cd00544ea7942,Saitual,saitual,Mizoram,Inactive,2023-08-14T17:54:22.951Z,2023-08-14T17:54:22.951Z
653e95037a4cd00544ea7943,Mon,mon,Nagaland,Inactive,2023-08-14T17:54:22.951Z,2023-08-14T17:54:22.951Z
653e95037a4cd00544ea7944,Dimapur,dimapur,Nagaland,Inactive,2023-08-14T17:54:22.951Z,2023-08-14T17:54:22.951Z
653e95037a4cd00544ea7945,Kiphire,kiphire,Nagaland,Inactive,2023-08-14T17:54:22.951Z,2023-08-14T17:54:22.951Z
653e95037a4cd00544ea7946,Kohima,kohima,Nagaland,Inactive,2023-08-14T17:54:22.951Z,2023-08-14T17:54:22.951Z
653e95037a4cd00544ea7947,Longleng,longleng,Nagaland,Inactive,2023-08-14T17:54:22.951Z,2023-08-14T17:54:22.951Z
653e95037a4cd00544ea7948,Mokokchung,mokokchung,Nagaland,Inactive,2023-08-14T17:54:22.951Z,2023-08-14T17:54:22.951Z
653e95037a4cd00544ea7949,Noklak,noklak,Nagaland,Inactive,2023-08-14T17:54:22.951Z,2023-08-14T17:54:22.951Z
653e95037a4cd00544ea794a,Peren,peren,Nagaland,Inactive,2023-08-14T17:54:22.951Z,2023-08-14T17:54:22.951Z
653e95037a4cd00544ea794b,Phek,phek,Nagaland,Inactive,2023-08-14T17:54:22.951Z,2023-08-14T17:54:22.951Z
653e95037a4cd00544ea794c,Tuensang,tuensang,Nagaland,Inactive,2023-08-14T17:54:22.951Z,2023-08-14T17:54:22.951Z
653e95037a4cd00544ea794d,Wokha,wokha,Nagaland,Inactive,2023-08-14T17:54:22.951Z,2023-08-14T17:54:22.951Z
653e95037a4cd00544ea794e,Zunheboto,zunheboto,Nagaland,Inactive,2023-08-14T17:54:22.951Z,2023-08-14T17:54:22.951Z
653e95037a4cd00544ea794f,Angul,angul,Odisha,Inactive,2023-08-14T17:54:22.951Z,2023-08-14T17:54:22.951Z
653e95037a4cd00544ea7950,Balangir,balangir,Odisha,Inactive,2023-08-14T17:54:22.951Z,2023-08-14T17:54:22.951Z
653e95037a4cd00544ea7951,Balasore,balasore,Odisha,Inactive,2023-08-14T17:54:22.951Z,2023-08-14T17:54:22.951Z
653e95037a4cd00544ea7952,Bargarh,bargarh,Odisha,Inactive,2023-08-14T17:54:22.951Z,2023-08-14T17:54:22.951Z
653e95037a4cd00544ea7953,Bhadrak,bhadrak,Odisha,Inactive,2023-08-14T17:54:22.951Z,2023-08-14T17:54:22.951Z
653e95037a4cd00544ea7954,Boudh,boudh,Odisha,Inactive,2023-08-14T17:54:22.951Z,2023-08-14T17:54:22.951Z
653e95037a4cd00544ea7955,Cuttack,cuttack,Odisha,Inactive,2023-08-14T17:54:22.951Z,2023-08-14T17:54:22.951Z
653e95037a4cd00544ea7956,Debagarh,debagarh,Odisha,Inactive,2023-08-14T17:54:22.951Z,2023-08-14T17:54:22.951Z
653e95037a4cd00544ea7957,Dhenkanal,dhenkanal,Odisha,Inactive,2023-08-14T17:54:22.951Z,2023-08-14T17:54:22.951Z
653e95037a4cd00544ea7958,Gajapati,gajapati,Odisha,Inactive,2023-08-14T17:54:22.951Z,2023-08-14T17:54:22.951Z
653e95037a4cd00544ea7959,Ganjam,ganjam,Odisha,Inactive,2023-08-14T17:54:22.951Z,2023-08-14T17:54:22.951Z
653e95037a4cd00544ea795a,Jagatsinghpur,jagatsinghpur,Odisha,Inactive,2023-08-14T17:54:22.951Z,2023-08-14T17:54:22.951Z
653e95037a4cd00544ea795b,Jajpur,jajpur,Odisha,Inactive,2023-08-14T17:54:22.951Z,2023-08-14T17:54:22.951Z
653e95037a4cd00544ea795c,Jharsuguda,jharsuguda,Odisha,Inactive,2023-08-14T17:54:22.951Z,2023-08-14T17:54:22.951Z
653e95037a4cd00544ea795d,Kalahandi,kalahandi,Odisha,Inactive,2023-08-14T17:54:22.951Z,2023-08-14T17:54:22.951Z
653e95037a4cd00544ea795e,Kandhamal,kandhamal,Odisha,Inactive,2023-08-14T17:54:22.951Z,2023-08-14T17:54:22.951Z
653e95037a4cd00544ea795f,Kendrapara,kendrapara,Odisha,Inactive,2023-08-14T17:54:22.951Z,2023-08-14T17:54:22.951Z
653e95037a4cd00544ea7960,Kendujhar,kendujhar,Odisha,Inactive,2023-08-14T17:54:22.951Z,2023-08-14T17:54:22.951Z
653e95037a4cd00544ea7961,Khordha,khordha,Odisha,Inactive,2023-08-14T17:54:22.951Z,2023-08-14T17:54:22.951Z
653e95037a4cd00544ea7962,Koraput,koraput,Odisha,Inactive,2023-08-14T17:54:22.951Z,2023-08-14T17:54:22.951Z
653e95037a4cd00544ea7963,Malkangiri,malkangiri,Odisha,Inactive,2023-08-14T17:54:22.951Z,2023-08-14T17:54:22.951Z
653e95037a4cd00544ea7964,Mayurbhanj,mayurbhanj,Odisha,Inactive,2023-08-14T17:54:22.951Z,2023-08-14T17:54:22.951Z
653e95037a4cd00544ea7965,Nabarangpur,nabarangpur,Odisha,Inactive,2023-08-14T17:54:22.951Z,2023-08-14T17:54:22.951Z
653e95037a4cd00544ea7966,Nayagarh,nayagarh,Odisha,Inactive,2023-08-14T17:54:22.951Z,2023-08-14T17:54:22.951Z
653e95037a4cd00544ea7967,Nuapada,nuapada,Odisha,Inactive,2023-08-14T17:54:22.951Z,2023-08-14T17:54:22.951Z
653e95037a4cd00544ea7968,Puri,puri,Odisha,Inactive,2023-08-14T17:54:22.951Z,2023-08-14T17:54:22.951Z
653e95037a4cd00544ea7969,Rayagada,rayagada,Odisha,Inactive,2023-08-14T17:54:22.951Z,2023-08-14T17:54:22.951Z
653e95037a4cd00544ea796a,Sambalpur,sambalpur,Odisha,Inactive,2023-08-14T17:54:22.951Z,2023-08-14T17:54:22.951Z
653e95037a4cd00544ea796b,Subarnapur,subarnapur,Odisha,Inactive,2023-08-14T17:54:22.951Z,2023-08-14T17:54:22.951Z
653e95037a4cd00544ea796c,Sundergarh,sundergarh,Odisha,Inactive,2023-08-14T17:54:22.951Z,2023-08-14T17:54:22.951Z
653e95037a4cd00544ea796d,Karaikal,karaikal,Puducherry,Inactive,2023-08-14T17:54:22.951Z,2023-08-14T17:54:22.951Z
653e95037a4cd00544ea796e,Mahe,mahe,Puducherry,Inactive,2023-08-14T17:54:22.951Z,2023-08-14T17:54:22.951Z
653e95037a4cd00544ea796f,Puducherry,puducherry,Puducherry,Inactive,2023-08-14T17:54:22.951Z,2023-08-14T17:54:22.951Z
653e95037a4cd00544ea7970,Yanam,yanam,Puducherry,Inactive,2023-08-14T17:54:22.951Z,2023-08-14T17:54:22.951Z
653e95037a4cd00544ea7971,Amritsar,amritsar,Punjab,Inactive,2023-08-14T17:54:22.951Z,2023-08-14T17:54:22.951Z
653e95037a4cd00544ea7972,Barnala,barnala,Punjab,Inactive,2023-08-14T17:54:22.951Z,2023-08-14T17:54:22.951Z
653e95037a4cd00544ea7973,Bathinda,bathinda,Punjab,Inactive,2023-08-14T17:54:22.951Z,2023-08-14T17:54:22.951Z
653e95037a4cd00544ea7974,Faridkot,faridkot,Punjab,Inactive,2023-08-14T17:54:22.951Z,2023-08-14T17:54:22.951Z
653e95037a4cd00544ea7975,Fatehgarh Sahib,fatehgarh-sahib,Punjab,Inactive,2023-08-14T17:54:22.951Z,2023-08-14T17:54:22.951Z
653e95037a4cd00544ea7976,Fazilka,fazilka,Punjab,Inactive,2023-08-14T17:54:22.951Z,2023-08-14T17:54:22.951Z
653e95037a4cd00544ea7977,Firozpur,firozpur,Punjab,Inactive,2023-08-14T17:54:22.951Z,2023-08-14T17:54:22.951Z
653e95037a4cd00544ea7978,Gurdaspur,gurdaspur,Punjab,Inactive,2023-08-14T17:54:22.951Z,2023-08-14T17:54:22.951Z
653e95037a4cd00544ea7979,Hoshiarpur,hoshiarpur,Punjab,Inactive,2023-08-14T17:54:22.951Z,2023-08-14T17:54:22.951Z
653e95037a4cd00544ea797a,Jalandhar,jalandhar,Punjab,Inactive,2023-08-14T17:54:22.951Z,2023-08-14T17:54:22.951Z
653e95037a4cd00544ea797b,Kapurthala,kapurthala,Punjab,Inactive,2023-08-14T17:54:22.951Z,2023-08-14T17:54:22.951Z
653e95037a4cd00544ea797c,Ludhiana,ludhiana,Punjab,Inactive,2023-08-14T17:54:22.951Z,2023-08-14T17:54:22.951Z
653e95037a4cd00544ea797d,Mansa,mansa,Punjab,Inactive,2023-08-14T17:54:22.951Z,2023-08-14T17:54:22.951Z
653e95037a4cd00544ea797e,Moga,moga,Punjab,Inactive,2023-08-14T17:54:22.951Z,2023-08-14T17:54:22.951Z
653e95037a4cd00544ea797f,Mohali,mohali,Punjab,Inactive,2023-08-14T17:54:22.951Z,2023-08-14T17:54:22.951Z
653e95037a4cd00544ea7980,Muktsar,muktsar,Punjab,Inactive,2023-08-14T17:54:22.951Z,2023-08-14T17:54:22.951Z
653e95037a4cd00544ea7981,Pathankot,pathankot,Punjab,Inactive,2023-08-14T17:54:22.951Z,2023-08-14T17:54:22.951Z
653e95037a4cd00544ea7982,Patiala,patiala,Punjab,Inactive,2023-08-14T17:54:22.951Z,2023-08-14T17:54:22.951Z
653e95037a4cd00544ea7983,Rupnagar,rupnagar,Punjab,Inactive,2023-08-14T17:54:22.951Z,2023-08-14T17:54:22.951Z
653e95037a4cd00544ea7984,Sangrur,sangrur,Punjab,Inactive,2023-08-14T17:54:22.951Z,2023-08-14T17:54:22.951Z
653e95037a4cd00544ea7985,Shaheed Bhagat Singh Nagar,shaheed-bhagat-singh-nagar,Punjab,Inactive,2023-08-14T17:54:22.951Z,2023-08-14T17:54:22.951Z
653e95037a4cd00544ea7986,Tarn Taran,tarn-taran,Punjab,Inactive,2023-08-14T17:54:22.951Z,2023-08-14T17:54:22.951Z
653e95037a4cd00544ea7987,Ajmer,ajmer,Rajasthan,Inactive,2023-08-14T17:54:22.951Z,2023-08-14T17:54:22.951Z
653e95037a4cd00544ea7988,Alwar,alwar,Rajasthan,Inactive,2023-08-14T17:54:22.951Z,2023-08-14T17:54:22.951Z
653e95037a4cd00544ea7989,Banswara,banswara,Rajasthan,Inactive,2023-08-14T17:54:22.951Z,2023-08-14T17:54:22.951Z
653e95037a4cd00544ea798a,Baran,baran,Rajasthan,Inactive,2023-08-14T17:54:22.951Z,2023-08-14T17:54:22.951Z
653e95037a4cd00544ea798b,Barmer,barmer,Rajasthan,Inactive,2023-08-14T17:54:22.951Z,2023-08-14T17:54:22.951Z
653e95037a4cd00544ea798c,Bharatpur,bharatpur,Rajasthan,Inactive,2023-08-14T17:54:22.951Z,2023-08-14T17:54:22.951Z
653e95037a4cd00544ea798d,Bhilwara,bhilwara,Rajasthan,Inactive,2023-08-14T17:54:22.951Z,2023-08-14T17:54:22.951Z
653e95037a4cd00544ea798e,Bikaner,bikaner,Rajasthan,Inactive,2023-08-14T17:54:22.951Z,2023-08-14T17:54:22.951Z
653e95037a4cd00544ea798f,Bundi,bundi,Rajasthan,Inactive,2023-08-14T17:54:22.951Z,2023-08-14T17:54:22.951Z
653e95037a4cd00544ea7990,Chittorgarh,chittorgarh,Rajasthan,Inactive,2023-08-14T17:54:22.951Z,2023-08-14T17:54:22.951Z
653e95037a4cd00544ea7991,Churu,churu,Rajasthan,Inactive,2023-08-14T17:54:22.951Z,2023-08-14T17:54:22.951Z
653e95037a4cd00544ea7992,Dausa,dausa,Rajasthan,Inactive,2023-08-14T17:54:22.951Z,2023-08-14T17:54:22.951Z
653e95037a4cd00544ea7993,Dholpur,dholpur,Rajasthan,Inactive,2023-08-14T17:54:22.951Z,2023-08-14T17:54:22.951Z
653e95037a4cd00544ea7994,Dungarpur,dungarpur,Rajasthan,Inactive,2023-08-14T17:54:22.951Z,2023-08-14T17:54:22.951Z
653e95037a4cd00544ea7995,Hanumangarh,hanumangarh,Rajasthan,Inactive,2023-08-14T17:54:22.951Z,2023-08-14T17:54:22.951Z
653e95037a4cd00544ea7996,Jaipur,jaipur,Rajasthan,Inactive,2023-08-14T17:54:22.951Z,2023-08-14T17:54:22.951Z
653e95037a4cd00544ea7997,Jaisalmer,jaisalmer,Rajasthan,Inactive,2023-08-14T17:54:22.951Z,2023-08-14T17:54:22.951Z
653e95037a4cd00544ea7998,Jalore,jalore,Rajasthan,Inactive,2023-08-14T17:54:22.951Z,2023-08-14T17:54:22.951Z
653e95037a4cd00544ea7999,Jhalawar,jhalawar,Rajasthan,Inactive,2023-08-14T17:54:22.951Z,2023-08-14T17:54:22.951Z
653e95037a4cd00544ea799a,Jhunjhunu,jhunjhunu,Rajasthan,Inactive,2023-08-14T17:54:22.951Z,2023-08-14T17:54:22.951Z
653e95037a4cd00544ea799b,Jodhpur,jodhpur,Rajasthan,Inactive,2023-08-14T17:54:22.951Z,2023-08-14T17:54:22.951Z
653e95037a4cd00544ea799c,Karauli,karauli,Rajasthan,Inactive,2023-08-14T17:54:22.951Z,2023-08-14T17:54:22.951Z
653e95037a4cd00544ea799d,Kota,kota,Rajasthan,Inactive,2023-08-14T17:54:22.951Z,2023-08-14T17:54:22.951Z
653e95037a4cd00544ea799e,Nagaur,nagaur,Rajasthan,Inactive,2023-08-14T17:54:22.951Z,2023-08-14T17:54:22.951Z
653e95037a4cd00544ea799f,Pali,pali,Rajasthan,Inactive,2023-08-14T17:54:22.951Z,2023-08-14T17:54:22.951Z
653e95037a4cd00544ea79a0,Pratapgarh,pratapgarh,Rajasthan,Inactive,2023-08-14T17:54:22.951Z,2023-08-14T17:54:22.951Z
653e95037a4cd00544ea79a1,Rajsamand,rajsamand,Rajasthan,Inactive,2023-08-14T17:54:22.951Z,2023-08-14T17:54:22.951Z
653e95037a4cd00544ea79a2,Sawai Madhopur,sawai-madhopur,Rajasthan,Inactive,2023-08-14T17:54:22.951Z,2023-08-14T17:54:22.951Z
653e95037a4cd00544ea79a3,Sikar,sikar,Rajasthan,Inactive,2023-08-14T17:54:22.951Z,2023-08-14T17:54:22.951Z
653e95037a4cd00544ea79a4,Sirohi,sirohi,Rajasthan,Inactive,2023-08-14T17:54:22.951Z,2023-08-14T17:54:22.951Z
653e95037a4cd00544ea79a5,Sri Ganganagar,sri-ganganagar,Rajasthan,Inactive,2023-08-14T17:54:22.951Z,2023-08-14T17:54:22.951Z
653e95037a4cd00544ea79a6,Tonk,tonk,Rajasthan,Inactive,2023-08-14T17:54:22.951Z,2023-08-14T17:54:22.951Z
653e95037a4cd00544ea79a7,Udaipur,udaipur,Rajasthan,Inactive,2023-08-14T17:54:22.951Z,2023-08-14T17:54:22.951Z
653e95037a4cd00544ea79a8,East Sikkim,east-sikkim,Sikkim,Inactive,2023-08-14T17:54:22.951Z,2023-08-14T17:54:22.951Z
653e95037a4cd00544ea79a9,North Sikkim,north-sikkim,Sikkim,Inactive,2023-08-14T17:54:22.951Z,2023-08-14T17:54:22.951Z
653e95037a4cd00544ea79aa,South Sikkim,south-sikkim,Sikkim,Inactive,2023-08-14T17:54:22.951Z,2023-08-14T17:54:22.951Z
653e95037a4cd00544ea79ab,West Sikkim,west-sikkim,Sikkim,Inactive,2023-08-14T17:54:22.951Z,2023-08-14T17:54:22.951Z
653e95037a4cd00544ea79ac,Ariyalur,ariyalur,Tamil Nadu,Inactive,2023-08-14T17:54:22.951Z,2023-08-14T17:54:22.951Z
653e95037a4cd00544ea79ad,Chengalpattu,chengalpattu,Tamil Nadu,Inactive,2023-08-14T17:54:22.951Z,2023-08-14T17:54:22.951Z
653e95037a4cd00544ea79ae,Chennai,chennai,Tamil Nadu,Inactive,2023-08-14T17:54:22.951Z,2023-08-14T17:54:22.951Z
653e95037a4cd00544ea79af,Coimbatore,coimbatore,Tamil Nadu,Inactive,2023-08-14T17:54:22.951Z,2023-08-14T17:54:22.951Z
653e95037a4cd00544ea79b0,Cuddalore,cuddalore,Tamil Nadu,Inactive,2023-08-14T17:54:22.951Z,2023-08-14T17:54:22.951Z
653e95037a4cd00544ea79b1,Dharmapuri,dharmapuri,Tamil Nadu,Inactive,2023-08-14T17:54:22.951Z,2023-08-14T17:54:22.951Z
653e95037a4cd00544ea79b2,Dindigul,dindigul,Tamil Nadu,Inactive,2023-08-14T17:54:22.951Z,2023-08-14T17:54:22.951Z
653e95037a4cd00544ea79b3,Erode,erode,Tamil Nadu,Inactive,2023-08-14T17:54:22.951Z,2023-08-14T17:54:22.951Z
653e95037a4cd00544ea79b4,Kallakurichi,kallakurichi,Tamil Nadu,Inactive,2023-08-14T17:54:22.951Z,2023-08-14T17:54:22.951Z
653e95037a4cd00544ea79b5,Kanchipuram,kanchipuram,Tamil Nadu,Inactive,2023-08-14T17:54:22.951Z,2023-08-14T17:54:22.951Z
653e95037a4cd00544ea79b6,Kanyakumari,kanyakumari,Tamil Nadu,Inactive,2023-08-14T17:54:22.951Z,2023-08-14T17:54:22.951Z
653e95037a4cd00544ea79b7,Karur,karur,Tamil Nadu,Inactive,2023-08-14T17:54:22.951Z,2023-08-14T17:54:22.951Z
653e95037a4cd00544ea79b8,Krishnagiri,krishnagiri,Tamil Nadu,Inactive,2023-08-14T17:54:22.951Z,2023-08-14T17:54:22.951Z
653e95037a4cd00544ea79b9,Madurai,madurai,Tamil Nadu,Inactive,2023-08-14T17:54:22.951Z,2023-08-14T17:54:22.951Z
653e95037a4cd00544ea79ba,Mayiladuthurai,mayiladuthurai,Tamil Nadu,Inactive,2023-08-14T17:54:22.951Z,2023-08-14T17:54:22.951Z
653e95037a4cd00544ea79bb,Nagapattinam,nagapattinam,Tamil Nadu,Inactive,2023-08-14T17:54:22.951Z,2023-08-14T17:54:22.951Z
653e95037a4cd00544ea79bc,Namakkal,namakkal,Tamil Nadu,Inactive,2023-08-14T17:54:22.951Z,2023-08-14T17:54:22.951Z
653e95037a4cd00544ea79bd,Nilgiris,nilgiris,Tamil Nadu,Inactive,2023-08-14T17:54:22.951Z,2023-08-14T17:54:22.951Z
653e95037a4cd00544ea79be,Perambalur,perambalur,Tamil Nadu,Inactive,2023-08-14T17:54:22.951Z,2023-08-14T17:54:22.951Z
653e95037a4cd00544ea79bf,Pudukkottai,pudukkottai,Tamil Nadu,Inactive,2023-08-14T17:54:22.951Z,2023-08-14T17:54:22.951Z
653e95037a4cd00544ea79c0,Ramanathapuram,ramanathapuram,Tamil Nadu,Inactive,2023-08-14T17:54:22.951Z,2023-08-14T17:54:22.951Z
653e95037a4cd00544ea79c1,Ranipet,ranipet,Tamil Nadu,Inactive,2023-08-14T17:54:22.951Z,2023-08-14T17:54:22.951Z
653e95037a4cd00544ea79c2,Salem,salem,Tamil Nadu,Inactive,2023-08-14T17:54:22.951Z,2023-08-14T17:54:22.951Z
653e95037a4cd00544ea79c3,Sivaganga,sivaganga,Tamil Nadu,Inactive,2023-08-14T17:54:22.951Z,2023-08-14T17:54:22.951Z
653e95037a4cd00544ea79c4,Tenkasi,tenkasi,Tamil Nadu,Inactive,2023-08-14T17:54:22.951Z,2023-08-14T17:54:22.951Z
653e95037a4cd00544ea79c5,Thanjavur,thanjavur,Tamil Nadu,Inactive,2023-08-14T17:54:22.951Z,2023-08-14T17:54:22.951Z
653e95037a4cd00544ea79c6,Theni,theni,Tamil Nadu,Inactive,2023-08-14T17:54:22.951Z,2023-08-14T17:54:22.951Z
653e95037a4cd00544ea79c7,Thoothukudi,thoothukudi,Tamil Nadu,Inactive,2023-08-14T17:54:22.951Z,2023-08-14T17:54:22.951Z
653e95037a4cd00544ea79c8,Tiruchirappalli,tiruchirappalli,Tamil Nadu,Inactive,2023-08-14T17:54:22.951Z,2023-08-14T17:54:22.951Z
653e95037a4cd00544ea79c9,Tirunelveli,tirunelveli,Tamil Nadu,Inactive,2023-08-14T17:54:22.951Z,2023-08-14T17:54:22.951Z
653e95037a4cd00544ea79ca,Tirupattur,tirupattur,Tamil Nadu,Inactive,2023-08-14T17:54:22.951Z,2023-08-14T17:54:22.951Z
653e95037a4cd00544ea79cb,Tiruppur,tiruppur,Tamil Nadu,Inactive,2023-08-14T17:54:22.951Z,2023-08-14T17:54:22.951Z
653e95037a4cd00544ea79cc,Tiruvallur,tiruvallur,Tamil Nadu,Inactive,2023-08-14T17:54:22.951Z,2023-08-14T17:54:22.951Z
653e95037a4cd00544ea79cd,Tiruvannamalai,tiruvannamalai,Tamil Nadu,Inactive,2023-08-14T17:54:22.951Z,2023-08-14T17:54:22.951Z
653e95037a4cd00544ea79ce,Tiruvarur,tiruvarur,Tamil Nadu,Inactive,2023-08-14T17:54:22.951Z,2023-08-14T17:54:22.951Z
653e95037a4cd00544ea79cf,Vellore,vellore,Tamil Nadu,Inactive,2023-08-14T17:54:22.951Z,2023-08-14T17:54:22.951Z
653e95037a4cd00544ea79d0,Viluppuram,viluppuram,Tamil Nadu,Inactive,2023-08-14T17:54:22.951Z,2023-08-14T17:54:22.951Z
653e95037a4cd00544ea79d1,Virudhunagar,virudhunagar,Tamil Nadu,Inactive,2023-08-14T17:54:22.951Z,2023-08-14T17:54:22.951Z
653e95037a4cd00544ea79d2,Adilabad,adilabad,Telangana,Inactive,2023-08-14T17:54:22.951Z,2023-08-14T17:54:22.951Z
653e95037a4cd00544ea79d3,Bhadradri Kothagudem,bhadradri-kothagudem,Telangana,Inactive,2023-08-14T17:54:22.951Z,2023-08-14T17:54:22.951Z
653e95037a4cd00544ea79d4,Hyderabad,hyderabad,Telangana,Inactive,2023-08-14T17:54:22.951Z,2023-08-14T17:54:22.951Z
653e95037a4cd00544ea79d5,Jagtial,jagtial,Telangana,Inactive,2023-08-14T17:54:22.951Z,2023-08-14T17:54:22.951Z
653e95037a4cd00544ea79d6,Jangaon,jangaon,Telangana,Inactive,2023-08-14T17:54:22.951Z,2023-08-14T17:54:22.951Z
653e95037a4cd00544ea79d7,Jayashankar,jayashankar,Telangana,Inactive,2023-08-14T17:54:22.951Z,2023-08-14T17:54:22.951Z
653e95037a4cd00544ea79d8,Jogulamba,jogulamba,Telangana,Inactive,2023-08-14T17:54:22.951Z,2023-08-14T17:54:22.951Z
653e95037a4cd00544ea79d9,Kamareddy,kamareddy,Telangana,Inactive,2023-08-14T17:54:22.951Z,2023-08-14T17:54:22.951Z
653e95037a4cd00544ea79da,Karimnagar,karimnagar,Telangana,Inactive,2023-08-14T17:54:22.951Z,2023-08-14T17:54:22.951Z
653e95037a4cd00544ea79db,Khammam,khammam,Telangana,Inactive,2023-08-14T17:54:22.951Z,2023-08-14T17:54:22.951Z
653e95037a4cd00544ea79dc,Komaram Bheem,komaram-bheem,Telangana,Inactive,2023-08-14T17:54:22.951Z,2023-08-14T17:54:22.951Z
653e95037a4cd00544ea79dd,Mahabubabad,mahabubabad,Telangana,Inactive,2023-08-14T17:54:22.951Z,2023-08-14T17:54:22.951Z
653e95037a4cd00544ea79de,Mahbubnagar,mahbubnagar,Telangana,Inactive,2023-08-14T17:54:22.951Z,2023-08-14T17:54:22.951Z
653e95037a4cd00544ea79df,Mancherial,mancherial,Telangana,Inactive,2023-08-14T17:54:22.951Z,2023-08-14T17:54:22.951Z
653e95037a4cd00544ea79e0,Medak,medak,Telangana,Inactive,2023-08-14T17:54:22.951Z,2023-08-14T17:54:22.951Z
653e95037a4cd00544ea79e1,Medchal,medchal,Telangana,Inactive,2023-08-14T17:54:22.951Z,2023-08-14T17:54:22.951Z
653e95037a4cd00544ea79e2,Mulugu,mulugu,Telangana,Inactive,2023-08-14T17:54:22.951Z,2023-08-14T17:54:22.951Z
653e95037a4cd00544ea79e3,Nagarkurnool,nagarkurnool,Telangana,Inactive,2023-08-14T17:54:22.951Z,2023-08-14T17:54:22.951Z
653e95037a4cd00544ea79e4,Nalgonda,nalgonda,Telangana,Inactive,2023-08-14T17:54:22.951Z,2023-08-14T17:54:22.951Z
653e95037a4cd00544ea79e5,Narayanpet,narayanpet,Telangana,Inactive,2023-08-14T17:54:22.951Z,2023-08-14T17:54:22.951Z
653e95037a4cd00544ea79e6,Nirmal,nirmal,Telangana,Inactive,2023-08-14T17:54:22.951Z,2023-08-14T17:54:22.951Z
653e95037a4cd00544ea79e7,Nizamabad,nizamabad,Telangana,Inactive,2023-08-14T17:54:22.951Z,2023-08-14T17:54:22.951Z
653e95037a4cd00544ea79e8,Peddapalli,peddapalli,Telangana,Inactive,2023-08-14T17:54:22.951Z,2023-08-14T17:54:22.951Z
653e95037a4cd00544ea79e9,Rajanna Sircilla,rajanna-sircilla,Telangana,Inactive,2023-08-14T17:54:22.951Z,2023-08-14T17:54:22.951Z
653e95037a4cd00544ea79ea,Ranga Reddy,ranga-reddy,Telangana,Inactive,2023-08-14T17:54:22.951Z,2023-08-14T17:54:22.951Z
653e95037a4cd00544ea79eb,Sangareddy,sangareddy,Telangana,Inactive,2023-08-14T17:54:22.951Z,2023-08-14T17:54:22.951Z
653e95037a4cd00544ea79ec,Siddipet,siddipet,Telangana,Inactive,2023-08-14T17:54:22.951Z,2023-08-14T17:54:22.951Z
653e95037a4cd00544ea79ed,Suryapet,suryapet,Telangana,Inactive,2023-08-14T17:54:22.951Z,2023-08-14T17:54:22.951Z
653e95037a4cd00544ea79ee,Vikarabad,vikarabad,Telangana,Inactive,2023-08-14T17:54:22.951Z,2023-08-14T17:54:22.951Z
653e95037a4cd00544ea79ef,Wanaparthy,wanaparthy,Telangana,Inactive,2023-08-14T17:54:22.951Z,2023-08-14T17:54:22.951Z
653e95037a4cd00544ea79f0,Warangal Rural,warangal-rural,Telangana,Inactive,2023-08-14T17:54:22.951Z,2023-08-14T17:54:22.951Z
653e95037a4cd00544ea79f1,Warangal Urban,warangal-urban,Telangana,Inactive,2023-08-14T17:54:22.951Z,2023-08-14T17:54:22.951Z
653e95037a4cd00544ea79f2,Yadadri Bhuvanagiri,yadadri-bhuvanagiri,Telangana,Inactive,2023-08-14T17:54:22.951Z,2023-08-14T17:54:22.951Z
653e95037a4cd00544ea79f3,Dhalai,dhalai,Tripura,Inactive,2023-08-14T17:54:22.951Z,2023-08-14T17:54:22.951Z
653e95037a4cd00544ea79f4,Gomati,gomati,Tripura,Inactive,2023-08-14T17:54:22.951Z,2023-08-14T17:54:22.951Z
653e95037a4cd00544ea79f5,Khowai,khowai,Tripura,Inactive,2023-08-14T17:54:22.951Z,2023-08-14T17:54:22.951Z
653e95037a4cd00544ea79f6,North Tripura,north-tripura,Tripura,Inactive,2023-08-14T17:54:22.951Z,2023-08-14T17:54:22.951Z
653e95037a4cd00544ea79f7,Sepahijala,sepahijala,Tripura,Inactive,2023-08-14T17:54:22.951Z,2023-08-14T17:54:22.951Z
653e95037a4cd00544ea79f8,South Tripura,south-tripura,Tripura,Inactive,2023-08-14T17:54:22.951Z,2023-08-14T17:54:22.951Z
653e95037a4cd00544ea79f9,Unakoti,unakoti,Tripura,Inactive,2023-08-14T17:54:22.951Z,2023-08-14T17:54:22.951Z
653e95037a4cd00544ea79fa,West Tripura,west-tripura,Tripura,Inactive,2023-08-14T17:54:22.951Z,2023-08-14T17:54:22.951Z
653e95037a4cd00544ea79fb,Agra,agra,Uttar Pradesh,Inactive,2023-08-14T17:54:22.951Z,2023-08-14T17:54:22.951Z
653e95037a4cd00544ea79fc,Aligarh,aligarh,Uttar Pradesh,Inactive,2023-08-14T17:54:22.951Z,2023-08-14T17:54:22.951Z
653e95037a4cd00544ea79fd,Ambedkar Nagar,ambedkar-nagar,Uttar Pradesh,Inactive,2023-08-14T17:54:22.951Z,2023-08-14T17:54:22.951Z
653e95037a4cd00544ea79fe,Amethi,amethi,Uttar Pradesh,Inactive,2023-08-14T17:54:22.951Z,2023-08-14T17:54:22.951Z
653e95037a4cd00544ea79ff,Amroha,amroha,Uttar Pradesh,Inactive,2023-08-14T17:54:22.951Z,2023-08-14T17:54:22.951Z
653e95037a4cd00544ea7a00,Auraiya,auraiya,Uttar Pradesh,Inactive,2023-08-14T17:54:22.951Z,2023-08-14T17:54:22.951Z
653e95037a4cd00544ea7a01,Ayodhya,ayodhya,Uttar Pradesh,Inactive,2023-08-14T17:54:22.951Z,2023-08-14T17:54:22.951Z
653e95037a4cd00544ea7a02,Azamgarh,azamgarh,Uttar Pradesh,Inactive,2023-08-14T17:54:22.951Z,2023-08-14T17:54:22.951Z
653e95037a4cd00544ea7a03,Baghpat,baghpat,Uttar Pradesh,Inactive,2023-08-14T17:54:22.951Z,2023-08-14T17:54:22.951Z
653e95037a4cd00544ea7a04,Bahraich,bahraich,Uttar Pradesh,Inactive,2023-08-14T17:54:22.951Z,2023-08-14T17:54:22.951Z
653e95037a4cd00544ea7a05,Ballia,ballia,Uttar Pradesh,Inactive,2023-08-14T17:54:22.951Z,2023-08-14T17:54:22.951Z
653e95037a4cd00544ea7a06,Balrampur,balrampur,Uttar Pradesh,Inactive,2023-08-14T17:54:22.951Z,2023-08-14T17:54:22.951Z
653e95037a4cd00544ea7a07,Banda,banda,Uttar Pradesh,Inactive,2023-08-14T17:54:22.951Z,2023-08-14T17:54:22.951Z
653e95037a4cd00544ea7a08,Barabanki,barabanki,Uttar Pradesh,Inactive,2023-08-14T17:54:22.951Z,2023-08-14T17:54:22.951Z
653e95037a4cd00544ea7a09,Bareilly,bareilly,Uttar Pradesh,Inactive,2023-08-14T17:54:22.951Z,2023-08-14T17:54:22.951Z
653e95037a4cd00544ea7a0a,Basti,basti,Uttar Pradesh,Inactive,2023-08-14T17:54:22.951Z,2023-08-14T17:54:22.951Z
653e95037a4cd00544ea7a0b,Bhadohi,bhadohi,Uttar Pradesh,Inactive,2023-08-14T17:54:22.951Z,2023-08-14T17:54:22.951Z
653e95037a4cd00544ea7a0c,Bijnor,bijnor,Uttar Pradesh,Inactive,2023-08-14T17:54:22.951Z,2023-08-14T17:54:22.951Z
653e95037a4cd00544ea7a0d,Budaun,budaun,Uttar Pradesh,Inactive,2023-08-14T17:54:22.951Z,2023-08-14T17:54:22.951Z
653e95037a4cd00544ea7a0e,Bulandshahr,bulandshahr,Uttar Pradesh,Inactive,2023-08-14T17:54:22.951Z,2023-08-14T17:54:22.951Z
653e95037a4cd00544ea7a0f,Chandauli,chandauli,Uttar Pradesh,Inactive,2023-08-14T17:54:22.951Z,2023-08-14T17:54:22.951Z
653e95037a4cd00544ea7a10,Chitrakoot,chitrakoot,Uttar Pradesh,Inactive,2023-08-14T17:54:22.951Z,2023-08-14T17:54:22.951Z
653e95037a4cd00544ea7a11,Deoria,deoria,Uttar Pradesh,Inactive,2023-08-14T17:54:22.951Z,2023-08-14T17:54:22.951Z
653e95037a4cd00544ea7a12,Etah,etah,Uttar Pradesh,Inactive,2023-08-14T17:54:22.951Z,2023-08-14T17:54:22.951Z
653e95037a4cd00544ea7a13,Etawah,etawah,Uttar Pradesh,Inactive,2023-08-14T17:54:22.951Z,2023-08-14T17:54:22.951Z
653e95037a4cd00544ea7a14,Farrukhabad,farrukhabad,Uttar Pradesh,Inactive,2023-08-14T17:54:22.951Z,2023-08-14T17:54:22.951Z
653e95037a4cd00544ea7a15,Fatehpur,fatehpur,Uttar Pradesh,Inactive,2023-08-14T17:54:22.951Z,2023-08-14T17:54:22.951Z
653e95037a4cd00544ea7a16,Firozabad,firozabad,Uttar Pradesh,Inactive,2023-08-14T17:54:22.951Z,2023-08-14T17:54:22.951Z
653e95037a4cd00544ea7a17,Gautam Buddha Nagar,gautam-buddha-nagar,Uttar Pradesh,Inactive,2023-08-14T17:54:22.951Z,2023-08-14T17:54:22.951Z
653e95037a4cd00544ea7a18,Ghaziabad,ghaziabad,Uttar Pradesh,Inactive,2023-08-14T17:54:22.951Z,2023-08-14T17:54:22.951Z
653e95037a4cd00544ea7a19,Ghazipur,ghazipur,Uttar Pradesh,Inactive,2023-08-14T17:54:22.951Z,2023-08-14T17:54:22.951Z
653e95037a4cd00544ea7a1a,Gonda,gonda,Uttar Pradesh,Inactive,2023-08-14T17:54:22.951Z,2023-08-14T17:54:22.951Z
653e95037a4cd00544ea7a1b,Gorakhpur,gorakhpur,Uttar Pradesh,Inactive,2023-08-14T17:54:22.951Z,2023-08-14T17:54:22.951Z
653e95037a4cd00544ea7a1c,Hamirpur,hamirpur,Uttar Pradesh,Inactive,2023-08-14T17:54:22.951Z,2023-08-14T17:54:22.951Z
653e95037a4cd00544ea7a1d,Hapur,hapur,Uttar Pradesh,Inactive,2023-08-14T17:54:22.951Z,2023-08-14T17:54:22.951Z
653e95037a4cd00544ea7a1e,Hardoi,hardoi,Uttar Pradesh,Inactive,2023-08-14T17:54:22.951Z,2023-08-14T17:54:22.951Z
653e95037a4cd00544ea7a1f,Hathras,hathras,Uttar Pradesh,Inactive,2023-08-14T17:54:22.951Z,2023-08-14T17:54:22.951Z
653e95037a4cd00544ea7a20,Jalaun,jalaun,Uttar Pradesh,Inactive,2023-08-14T17:54:22.951Z,2023-08-14T17:54:22.951Z
653e95037a4cd00544ea7a21,Jaunpur,jaunpur,Uttar Pradesh,Inactive,2023-08-14T17:54:22.951Z,2023-08-14T17:54:22.951Z
653e95037a4cd00544ea7a22,Jhansi,jhansi,Uttar Pradesh,Inactive,2023-08-14T17:54:22.951Z,2023-08-14T17:54:22.951Z
653e95037a4cd00544ea7a23,Kannauj,kannauj,Uttar Pradesh,Inactive,2023-08-14T17:54:22.951Z,2023-08-14T17:54:22.951Z
653e95037a4cd00544ea7a24,Kanpur Dehat,kanpur-dehat,Uttar Pradesh,Inactive,2023-08-14T17:54:22.951Z,2023-08-14T17:54:22.951Z
653e95037a4cd00544ea7a25,Kanpur Nagar,kanpur-nagar,Uttar Pradesh,Inactive,2023-08-14T17:54:22.951Z,2023-08-14T17:54:22.951Z
653e95037a4cd00544ea7a26,Kasganj,kasganj,Uttar Pradesh,Inactive,2023-08-14T17:54:22.951Z,2023-08-14T17:54:22.951Z
653e95037a4cd00544ea7a27,Kaushambi,kaushambi,Uttar Pradesh,Inactive,2023-08-14T17:54:22.951Z,2023-08-14T17:54:22.951Z
653e95037a4cd00544ea7a28,Kheri,kheri,Uttar Pradesh,Inactive,2023-08-14T17:54:22.951Z,2023-08-14T17:54:22.951Z
653e95037a4cd00544ea7a29,Kushinagar,kushinagar,Uttar Pradesh,Inactive,2023-08-14T17:54:22.951Z,2023-08-14T17:54:22.951Z
653e95037a4cd00544ea7a2a,Lalitpur,lalitpur,Uttar Pradesh,Inactive,2023-08-14T17:54:22.951Z,2023-08-14T17:54:22.951Z
653e95037a4cd00544ea7a2b,Lucknow,lucknow,Uttar Pradesh,Inactive,2023-08-14T17:54:22.951Z,2023-08-14T17:54:22.951Z
653e95037a4cd00544ea7a2c,Maharajganj,maharajganj,Uttar Pradesh,Inactive,2023-08-14T17:54:22.951Z,2023-08-14T17:54:22.951Z
653e95037a4cd00544ea7a2d,Mahoba,mahoba,Uttar Pradesh,Inactive,2023-08-14T17:54:22.951Z,2023-08-14T17:54:22.951Z
653e95037a4cd00544ea7a2e,Mainpuri,mainpuri,Uttar Pradesh,Inactive,2023-08-14T17:54:22.951Z,2023-08-14T17:54:22.951Z
653e95037a4cd00544ea7a2f,Mathura,mathura,Uttar Pradesh,Inactive,2023-08-14T17:54:22.951Z,2023-08-14T17:54:22.951Z
653e95037a4cd00544ea7a30,Mau,mau,Uttar Pradesh,Inactive,2023-08-14T17:54:22.951Z,2023-08-14T17:54:22.951Z
653e95037a4cd00544ea7a31,Meerut,meerut,Uttar Pradesh,Inactive,2023-08-14T17:54:22.951Z,2023-08-14T17:54:22.951Z
653e95037a4cd00544ea7a32,Mirzapur,mirzapur,Uttar Pradesh,Inactive,2023-08-14T17:54:22.951Z,2023-08-14T17:54:22.951Z
653e95037a4cd00544ea7a33,Moradabad,moradabad,Uttar Pradesh,Inactive,2023-08-14T17:54:22.951Z,2023-08-14T17:54:22.951Z
653e95037a4cd00544ea7a34,Muzaffarnagar,muzaffarnagar,Uttar Pradesh,Inactive,2023-08-14T17:54:22.951Z,2023-08-14T17:54:22.951Z
653e95037a4cd00544ea7a35,Pilibhit,pilibhit,Uttar Pradesh,Inactive,2023-08-14T17:54:22.951Z,2023-08-14T17:54:22.951Z
653e95037a4cd00544ea7a36,Pratapgarh,pratapgarh,Uttar Pradesh,Inactive,2023-08-14T17:54:22.951Z,2023-08-14T17:54:22.951Z
653e95037a4cd00544ea7a37,Prayagraj,prayagraj,Uttar Pradesh,Inactive,2023-08-14T17:54:22.951Z,2023-08-14T17:54:22.951Z
653e95037a4cd00544ea7a38,Raebareli,raebareli,Uttar Pradesh,Inactive,2023-08-14T17:54:22.951Z,2023-08-14T17:54:22.951Z
653e95037a4cd00544ea7a39,Rampur,rampur,Uttar Pradesh,Inactive,2023-08-14T17:54:22.951Z,2023-08-14T17:54:22.951Z
653e95037a4cd00544ea7a3a,Saharanpur,saharanpur,Uttar Pradesh,Inactive,2023-08-14T17:54:22.951Z,2023-08-14T17:54:22.951Z
653e95037a4cd00544ea7a3b,Sambhal,sambhal,Uttar Pradesh,Inactive,2023-08-14T17:54:22.951Z,2023-08-14T17:54:22.951Z
653e95037a4cd00544ea7a3c,Sant Kabir Nagar,sant-kabir-nagar,Uttar Pradesh,Inactive,2023-08-14T17:54:22.951Z,2023-08-14T17:54:22.951Z
653e95037a4cd00544ea7a3d,Shahjahanpur,shahjahanpur,Uttar Pradesh,Inactive,2023-08-14T17:54:22.951Z,2023-08-14T17:54:22.951Z
653e95037a4cd00544ea7a3e,Shamli,shamli,Uttar Pradesh,Inactive,2023-08-14T17:54:22.951Z,2023-08-14T17:54:22.951Z
653e95037a4cd00544ea7a3f,Shravasti,shravasti,Uttar Pradesh,Inactive,2023-08-14T17:54:22.951Z,2023-08-14T17:54:22.951Z
653e95037a4cd00544ea7a40,Siddharthnagar,siddharthnagar,Uttar Pradesh,Inactive,2023-08-14T17:54:22.951Z,2023-08-14T17:54:22.951Z
653e95037a4cd00544ea7a41,Sitapur,sitapur,Uttar Pradesh,Inactive,2023-08-14T17:54:22.951Z,2023-08-14T17:54:22.951Z
653e95037a4cd00544ea7a42,Sonbhadra,sonbhadra,Uttar Pradesh,Inactive,2023-08-14T17:54:22.951Z,2023-08-14T17:54:22.951Z
653e95037a4cd00544ea7a43,Sultanpur,sultanpur,Uttar Pradesh,Inactive,2023-08-14T17:54:22.951Z,2023-08-14T17:54:22.951Z
653e95037a4cd00544ea7a44,Unnao,unnao,Uttar Pradesh,Inactive,2023-08-14T17:54:22.951Z,2023-08-14T17:54:22.951Z
653e95037a4cd00544ea7a45,Varanasi,varanasi,Uttar Pradesh,Inactive,2023-08-14T17:54:22.951Z,2023-08-14T17:54:22.951Z
653e95037a4cd00544ea7a46,Almora,almora,Uttarakhand,Inactive,2023-08-14T17:54:22.951Z,2023-08-14T17:54:22.951Z
653e95037a4cd00544ea7a47,Bageshwar,bageshwar,Uttarakhand,Inactive,2023-08-14T17:54:22.951Z,2023-08-14T17:54:22.951Z
653e95037a4cd00544ea7a48,Chamoli,chamoli,Uttarakhand,Inactive,2023-08-14T17:54:22.951Z,2023-08-14T17:54:22.951Z
653e95037a4cd00544ea7a49,Champawat,champawat,Uttarakhand,Inactive,2023-08-14T17:54:22.951Z,2023-08-14T17:54:22.951Z
653e95037a4cd00544ea7a4a,Dehradun,dehradun,Uttarakhand,Inactive,2023-08-14T17:54:22.951Z,2023-08-14T17:54:22.951Z
653e95037a4cd00544ea7a4b,Haridwar,haridwar,Uttarakhand,Inactive,2023-08-14T17:54:22.951Z,2023-08-14T17:54:22.951Z
653e95037a4cd00544ea7a4c,Nainital,nainital,Uttarakhand,Inactive,2023-08-14T17:54:22.951Z,2023-08-14T17:54:22.951Z
653e95037a4cd00544ea7a4d,Pauri,pauri,Uttarakhand,Inactive,2023-08-14T17:54:22.951Z,2023-08-14T17:54:22.951Z
653e95037a4cd00544ea7a4e,Pithoragarh,pithoragarh,Uttarakhand,Inactive,2023-08-14T17:54:22.951Z,2023-08-14T17:54:22.951Z
653e95037a4cd00544ea7a4f,Rudraprayag,rudraprayag,Uttarakhand,Inactive,2023-08-14T17:54:22.951Z,2023-08-14T17:54:22.951Z
653e95037a4cd00544ea7a50,Tehri,tehri,Uttarakhand,Inactive,2023-08-14T17:54:22.951Z,2023-08-14T17:54:22.951Z
653e95037a4cd00544ea7a51,Udham Singh Nagar,udham-singh-nagar,Uttarakhand,Inactive,2023-08-14T17:54:22.951Z,2023-08-14T17:54:22.951Z
653e95037a4cd00544ea7a52,Uttarkashi,uttarkashi,Uttarakhand,Inactive,2023-08-14T17:54:22.951Z,2023-08-14T17:54:22.951Z
653e95037a4cd00544ea7a53,Alipurduar,alipurduar,West Bengal,Inactive,2023-08-14T17:54:22.951Z,2023-08-14T17:54:22.951Z
653e95037a4cd00544ea7a54,Bankura,bankura,West Bengal,Inactive,2023-08-14T17:54:22.951Z,2023-08-14T17:54:22.951Z
653e95037a4cd00544ea7a55,Birbhum,birbhum,West Bengal,Inactive,2023-08-14T17:54:22.951Z,2023-08-14T17:54:22.951Z
653e95037a4cd00544ea7a56,Cooch Behar,cooch-behar,West Bengal,Inactive,2023-08-14T17:54:22.951Z,2023-08-14T17:54:22.951Z
653e95037a4cd00544ea7a57,Dakshin Dinajpur,dakshin-dinajpur,West Bengal,Inactive,2023-08-14T17:54:22.951Z,2023-08-14T17:54:22.951Z
653e95037a4cd00544ea7a58,Darjeeling,darjeeling,West Bengal,Inactive,2023-08-14T17:54:22.951Z,2023-08-14T17:54:22.951Z
653e95037a4cd00544ea7a59,Hooghly,hooghly,West Bengal,Inactive,2023-08-14T17:54:22.951Z,2023-08-14T17:54:22.951Z
653e95037a4cd00544ea7a5a,Howrah,howrah,West Bengal,Inactive,2023-08-14T17:54:22.951Z,2023-08-14T17:54:22.951Z
653e95037a4cd00544ea7a5b,Jalpaiguri,jalpaiguri,West Bengal,Inactive,2023-08-14T17:54:22.951Z,2023-08-14T17:54:22.951Z
653e95037a4cd00544ea7a5c,Jhargram,jhargram,West Bengal,Inactive,2023-08-14T17:54:22.951Z,2023-08-14T17:54:22.951Z
653e95037a4cd00544ea7a5d,Kalimpong,kalimpong,West Bengal,Inactive,2023-08-14T17:54:22.951Z,2023-08-14T17:54:22.951Z
653e95037a4cd00544ea7a5e,Kolkata,kolkata,West Bengal,Inactive,2023-08-14T17:54:22.951Z,2023-08-14T17:54:22.951Z
653e95037a4cd00544ea7a5f,Malda,malda,West Bengal,Inactive,2023-08-14T17:54:22.951Z,2023-08-14T17:54:22.951Z
653e95037a4cd00544ea7a60,Murshidabad,murshidabad,West Bengal,Inactive,2023-08-14T17:54:22.951Z,2023-08-14T17:54:22.951Z
653e95037a4cd00544ea7a61,Nadia,nadia,West Bengal,Inactive,2023-08-14T17:54:22.951Z,2023-08-14T17:54:22.951Z
653e95037a4cd00544ea7a62,North 24 Parganas,north-24-parganas,West Bengal,Inactive,2023-08-14T17:54:22.951Z,2023-08-14T17:54:22.951Z
653e95037a4cd00544ea7a63,Paschim Bardhaman,paschim-bardhaman,West Bengal,Inactive,2023-08-14T17:54:22.951Z,2023-08-14T17:54:22.951Z
653e95037a4cd00544ea7a64,Paschim Medinipur,paschim-medinipur,West Bengal,Inactive,2023-08-14T17:54:22.951Z,2023-08-14T17:54:22.951Z
653e95037a4cd00544ea7a65,Purba Bardhaman,purba-bardhaman,West Bengal,Inactive,2023-08-14T17:54:22.951Z,2023-08-14T17:54:22.951Z
653e95037a4cd00544ea7a66,Purba Medinipur,purba-medinipur,West Bengal,Inactive,2023-08-14T17:54:22.951Z,2023-08-14T17:54:22.951Z
653e95037a4cd00544ea7a67,Purulia,purulia,West Bengal,Inactive,2023-08-14T17:54:22.951Z,2023-08-14T17:54:22.951Z
653e95037a4cd00544ea7a68,South 24 Parganas,south-24-parganas,West Bengal,Inactive,2023-08-14T17:54:22.951Z,2023-08-14T17:54:22.951Z
653e95037a4cd00544ea7a69,Uttar Dinajpur,uttar-dinajpur,West Bengal,Inactive,2023-08-14T17:54:22.951Z,2023-08-14T17:54:22.951Z
